"ID","SMILES","OBSERVED","PREDICTED","fold"
"1025","CC1=NC=C(CO)C(CO)=C1O",22,31.0169517857744,"Fold1.Rep1"
"10342604","[H][C@@]1(C[C@@](C)(OC)[C@@H](O)[C@H](C)O1)O[C@H]1[C@H](C)[C@@H](O[C@]2([H])O[C@H](C)C[C@@H]([C@H]2O)N(C)C)[C@@](C)(C[C@@H](C)C(=O)[C@H](C)[C@@H](O)[C@](C)(O)[C@@H](CC)OC(=O)[C@@H]1C)OC",70,75.4284832012103,"Fold1.Rep1"
"10468813","CO[C@H]1\C=C\O[C@@]2(C)OC3=C(C2=O)C2=C(O)C(\C=N\N4CCN(C)CC4)=C(NC(=O)\C(C)=C/C=C/[C@H](C)[C@H](O)[C@@H](C)[C@@H](O)[C@@H](C)[C@H](OC(C)=O)[C@@H]1C)C(O)=C2C(O)=C3C",89,84.4195666463955,"Fold1.Rep1"
"106770","CCCN[C@H]1CCC2=C(C1)SC(N)=N2",15,29.0295151787861,"Fold1.Rep1"
"1098","CC1=C(CCO)SC=[N+]1CC1=CN=C(C)N=C1N",92,35.3656683124193,"Fold1.Rep1"
"118219","C[C@H](CCCC(C)(C)O)[C@@]1([H])CC[C@@]2([H])\C(CCC[C@]12C)=C\C=C1\C[C@@H](O)C[C@H](O)C1=C",99.9,84.6679462981274,"Fold1.Rep1"
"12041","CC[C@H]1OC(=O)[C@H](C)[C@@H](O[C@H]2C[C@@](C)(OC)[C@@H](O)[C@H](C)O2)[C@H](C)[C@@H](O[C@@H]2O[C@H](C)C[C@@H]([C@H]2O)N(C)C)[C@](C)(O)C[C@@H](C)C(=O)[C@H](C)[C@@H](O)[C@]1(C)O",95,65.4998357442259,"Fold1.Rep1"
"1266005","CN(C\C=C\C#CC(C)(C)C)CC1=CC=CC2=CC=CC=C12",99,80.0881462607452,"Fold1.Rep1"
"131410","C[C@H]1COC2=C3N1C=C(C(O)=O)C(=O)C3=CC(F)=C2N1CCN(C)CC1",36,50.0415880260372,"Fold1.Rep1"
"133160","NC(=O)CC1=CC=CC(C(=O)C2=CC=CC=C2)=C1N",99,82.415089390781,"Fold1.Rep1"
"1361582","CCOC1=C(OCC)C=C(\C=C2/NCCC3=CC(OCC)=C(OCC)C=C23)C=C1",87,88.9659475875431,"Fold1.Rep1"
"17270","CC1=CN([C@@H]2O[C@H](CO)C=C2)C(=O)NC1=O",1,29.8043509993592,"Fold1.Rep1"
"17347474","CC(C)(C)C1=CC(=C(O)C=C1NC(=O)C1=CNC2=CC=CC=C2C1=O)C(C)(C)C",99,90.3272832862088,"Fold1.Rep1"
"181000","CCC(=O)NCC[C@@H]1CCC2=C1C1=C(OCC1)C=C2",82,74.9443870966949,"Fold1.Rep1"
"187440","CNC(=O)C1=NC=CC(OC2=CC=C(NC(=O)NC3=CC(=C(Cl)C=C3)C(F)(F)F)C=C2)=C1",99.5,92.0028471564751,"Fold1.Rep1"
"187515","NC1=CC=CC2=C1CN(C1CCC(=O)NC1=O)C2=O",30,39.6822287048109,"Fold1.Rep1"
"1906","CC(=O)NC1=CC=C(O)C=C1",25,41.8374918347503,"Fold1.Rep1"
"19105","NC1=C2N=CN([C@H]3C[C@H](O)[C@@H](CO)O3)C2=NC(Cl)=N1",20,36.9672528846218,"Fold1.Rep1"
"19879943","CC1=NN(C(=O)\C1=N/NC1=C(O)C(=CC=C1)C1=CC=CC(=C1)C(O)=O)C1=CC=C(C)C(C)=C1",99,92.8622320592533,"Fold1.Rep1"
"199761","[H][C@@]12CC[C@H](OC(=O)CCC3=CC=CC=C3)[C@@]1(C)CC[C@]1([H])[C@@]3([H])CCC(=O)C=C3CC[C@@]21[H]",58,93.4248006475647,"Fold1.Rep1"
"2074","CCN1CCCC1CNC(=O)C1=CC(=C(N)C=C1OC)S(=O)(=O)CC",17,59.8983710137318,"Fold1.Rep1"
"2160","COC1=CC=C(CCN2CCC(CC2)NC2=NC3=CC=CC=C3N2CC2=CC=C(F)C=C2)C=C1",96.7,88.6073799549803,"Fold1.Rep1"
"2253","NS(=O)(=O)C1=C(Cl)C=C2NC(CSCC3=CC=CC=C3)=NS(=O)(=O)C2=C1",30,86.3746375377296,"Fold1.Rep1"
"2261","CC(C)COCC(CN(CC1=CC=CC=C1)C1=CC=CC=C1)N1CCCC1",99,82.7617121068882,"Fold1.Rep1"
"2279948","[H][C@@]12CCC[C@]1([H])[C@H](N(C2)C(=O)[C@@H](NC(=O)[C@@H](NC(=O)C1=NC=CN=C1)C1CCCCC1)C(C)(C)C)C(=O)N[C@@H](CCC)C(=O)C(=O)NC1CC1",68,79.5971156438511,"Fold1.Rep1"
"2298414","C[C@@H]1CC(=O)NN=C1C1=CC=C(NN=C(C#N)C#N)C=C1",98,71.261623522001,"Fold1.Rep1"
"23175565","[H][C@]12C[C@@H](O)C=C[C@]11CCN(C)CC3=C1C(O2)=C(OC)C=C3",18,28.142051340279,"Fold1.Rep1"
"2323020","CC1=NC(NC2=NC=C(S2)C(=O)NC2=C(C)C=CC=C2Cl)=CC(=N1)N1CCN(CCO)CC1",96,89.467028071062,"Fold1.Rep1"
"2383","O=C1CC2(CCCC2)CC(=O)N1CCCCN1CCN(CC1)C1=NC=CC=N1",95,53.8813029434992,"Fold1.Rep1"
"2384","CS(=O)(=O)OCCCCOS(C)(=O)=O",32,45.5563216358614,"Fold1.Rep1"
"2387","CC(C)CC1(CC=C)C(=O)NC(=O)NC1=O",45,60.6025952136729,"Fold1.Rep1"
"2424","CN1C=NC2=C1C(=O)N(C)C(=O)N2C",36,44.1208038649494,"Fold1.Rep1"
"24721813","[H][C@@]12O[C@@]3([H])CCC4CC(=O)C[C@H]5[C@H](C[C@H]6O[C@H](C[C@@H](C)C6=C)CC[C@@H]6O[C@H](CC6=C)CC[C@@]67C[C@@H](O[C@H]1[C@@H](O6)[C@@]3([H])O4)[C@@H]2O7)O[C@H](C[C@H](O)CN)[C@@H]5OC",57,57.6031533784576,"Fold1.Rep1"
"2487","COC1=CC=CC=C1OCCNCC(O)COC1=CC=CC2=C1C1=CC=CC=C1N2",98,88.5495304821456,"Fold1.Rep1"
"25736","[H][C@]12OC[C@@H](O[N+]([O-])=O)[C@@]1([H])OC[C@@H]2O",5,22.7969943994946,"Fold1.Rep1"
"2624","CN(C)CCC(C1=CC=C(Cl)C=C1)C1=CC=CC=N1",72,83.1658151616121,"Fold1.Rep1"
"2626","CCCNC(=O)NS(=O)(=O)C1=CC=C(Cl)C=C1",90,77.9932145215501,"Fold1.Rep1"
"2632","ClC1=CC2=C(OC(=O)N2)C=C1",18,61.0630012809083,"Fold1.Rep1"
"27005","CCC[C@@H]1C[C@H](N(C)C1)C(=O)NC(C(C)Cl)[C@H]1O[C@H](SC)[C@H](O)[C@@H](O)[C@H]1O",93,55.3592243536317,"Fold1.Rep1"
"2710","ClC1=CC=CC=C1C(N1C=CN=C1)(C1=CC=CC=C1)C1=CC=CC=C1",90,86.3094777237606,"Fold1.Rep1"
"27471727","C[N+]1(C)[C@H]2CC(C[C@@H]1[C@@H]1O[C@H]21)OC(=O)C(O)(C1=CC=CS1)C1=CC=CS1",72,41.5360512364387,"Fold1.Rep1"
"2810","CN1CCC(CC1)=C1C2=CC=CC=C2C=CC2=CC=CC=C12",99,87.4128551511619,"Fold1.Rep1"
"28460","CC(OC1=C(Cl)C=CC=C1Cl)C1=NCCN1",85,68.2090915369346,"Fold1.Rep1"
"2867","CC(=O)N(O)CCCCCNC(=O)CCC(=O)N(O)CCCCCNC(=O)CCC(=O)N(O)CCCCCN",10,55.7536482411918,"Fold1.Rep1"
"3116","CCN1C=C(C(O)=O)C(=O)C2=CC(F)=C(N=C12)N1CCNCC1",40,32.0870173090388,"Fold1.Rep1"
"3163","CCC(=C)C(=O)C1=C(Cl)C(Cl)=C(OCC(O)=O)C=C1",98,86.1144717600391,"Fold1.Rep1"
"3174","CCN(CC)C(C)CN1C2=CC=CC=C2SC2=CC=CC=C12",93,85.6227833326563,"Fold1.Rep1"
"3192","CCC1=C2NC3=C(CCOC3(CC)CC(O)=O)C2=CC=C1",99,81.8943337668661,"Fold1.Rep1"
"3196","CCOC(=O)C=C(C)C=CC=C(C)C=CC1=C(C)C(C)=C(OC)C=C1C",99,90.6605700252898,"Fold1.Rep1"
"3208","NC(N)=NC1=NC(CSCCC(N)=NS(N)(=O)=O)=CS1",17,45.7613934886703,"Fold1.Rep1"
"3228","CCC(=O)N(C1CCN(CCC2=CC=CC=C2)CC1)C1=CC=CC=C1",85,87.1175198982437,"Fold1.Rep1"
"3276","CCN(CC)CCN1C2=C(C=C(Cl)C=C2)C(=NCC1=O)C1=CC=CC=C1F",83,90.4706180785882,"Fold1.Rep1"
"3328","NCC1(CC(O)=O)CCCCC1",3,24.9681973355378,"Fold1.Rep1"
"3511","NNC1=NN=CC2=CC=CC=C12",87,46.176661485401,"Fold1.Rep1"
"3544","CC(C)CC1=CC=C(C=C1)C(C)C(O)=O",95,83.58100179344,"Fold1.Rep1"
"35562","C[C@](N)(CC1=CC(O)=C(O)C=C1)C(O)=O",20,47.7988874537469,"Fold1.Rep1"
"35728","CC(C)(OC1=CC=C(CCNC(=O)C2=CC=C(Cl)C=C2)C=C1)C(O)=O",95,94.9302795473553,"Fold1.Rep1"
"35850","COC1=CC=C(C=C1)[C@@H]1SC2=CC=CC=C2N(CCN(C)C)C(=O)[C@@H]1OC(C)=O",80,88.3091499618158,"Fold1.Rep1"
"3635","NNC(=O)C1=CC=NC=C1",5,35.0519974056123,"Fold1.Rep1"
"3693","CC(C(O)=O)C1=CC(=CC=C1)C(=O)C1=CC=CC=C1",99,89.4131410410364,"Fold1.Rep1"
"37371","OC[C@H]1O[C@H](C[C@@H]1O)N1C=NC2=C1N=CNC[C@H]2O",4,21.7641126680343,"Fold1.Rep1"
"38037","CC(=O)OC1=CC=CC=C1C(=O)NC1=NC=C(S1)[N+]([O-])=O",99,86.4996990177593,"Fold1.Rep1"
"38201","COC1=CC=CC2=C1C(=O)C1=C(O)C3=C(C[C@](O)(C[C@@H]3O[C@H]3C[C@H](N)[C@@H](O)[C@H](C)O3)C(=O)CO)C(O)=C1C2=O",77,78.080961863066,"Fold1.Rep1"
"390074","OCCN1C[C@H](O)[C@@H](O)[C@H](O)[C@H]1CO",4,19.7971675241245,"Fold1.Rep1"
"390122","CC(C)N1CCN(CC1)C1=CC=C(OC[C@H]2CO[C@@](CN3C=NC=N3)(O2)C2=C(Cl)C=C(Cl)C=C2)C=C1",94.9,93.339089926956,"Fold1.Rep1"
"3918","CCOC(=O)C1(CCN(C)CC1)C1=CC=CC=C1",80,63.2558353641245,"Fold1.Rep1"
"3922","CN1CCCCC1C(=O)NC1=C(C)C=CC=C1C",75,71.264928701779,"Fold1.Rep1"
"3933","NC1=CC(C(O)=O)=C(O)C=C1",80,48.4021108980632,"Fold1.Rep1"
"394204","C[C@@H]1O[C@@H]1P(O)(O)=O",0,41.2259824257077,"Fold1.Rep1"
"3949","CN(C)C(=N)NC(N)=N",1,34.5587438578942,"Fold1.Rep1"
"3953","CCC(=O)C(CC(C)N(C)C)(C1=CC=CC=C1)C1=CC=CC=C1",90,79.7023104775096,"Fold1.Rep1"
"39656","[H][C@]12SCC(CSC3=NN=NN3CC(O)=O)=C(N1C(=O)[C@H]2NC(=O)CC1=CC=CC=C1CN)C(O)=O",80.6,62.4275829197413,"Fold1.Rep1"
"4015","COC(=O)C(C1CCCCN1)C1=CC=CC=C1",10,45.5584569074876,"Fold1.Rep1"
"4088","NC(=O)CS(=O)C(C1=CC=CC=C1)C1=CC=CC=C1",60,84.7912420623791,"Fold1.Rep1"
"4256","COC1=CC2=C(C=C1)C=C(CCC(C)=O)C=C2",99,79.0819546941242,"Fold1.Rep1"
"431","CC(NC(C)(C)C)C(=O)C1=CC(Cl)=CC=C1",84,73.5339920099837,"Fold1.Rep1"
"4341","COCCOC(=O)C1=C(C)NC(C)=C(C1C1=CC(=CC=C1)[N+]([O-])=O)C(=O)OC(C)C",95,94.1365803495669,"Fold1.Rep1"
"4422","CC1COC2=C3N1C=C(C(O)=O)C(=O)C3=CC(F)=C2N1CCN(C)CC1",32,50.0415880260372,"Fold1.Rep1"
"4444059","CCCCC[C@H](O)\C=C\[C@H]1[C@H](O)CC(=O)[C@@H]1C\C=C/CCCC(O)=O",73,74.4897947064279,"Fold1.Rep1"
"4444351","CC(C)[C@@H](C)\C=C\[C@@H](C)[C@@]1([H])CC[C@@]2([H])\C(CCC[C@]12C)=C\C=C1\C[C@@H](O)CCC1=C",99.8,83.0882587116854,"Fold1.Rep1"
"4444491","[H][C@@]12CC3=C(C(O)=CC=C3N(C)C)C(=O)C1=C(O)[C@]1(O)C(=O)C(C(N)=O)=C(O)[C@@H](N(C)C)[C@]1([H])C2",65,78.037151582198,"Fold1.Rep1"
"4444535","COC1=C(C\C=C(/C)CCC(=O)OCCN2CCOCC2)C(O)=C2C(=O)OCC2=C1C",98.82,70.593657345937,"Fold1.Rep1"
"4445539","C\C(\C=C\C1=C(C)CCCC1(C)C)=C/C=C/C(/C)=C\C(O)=O",99.9,90.9524046304668,"Fold1.Rep1"
"4445541","CCCCC(C)(O)C\C=C\[C@H]1[C@H](O)CC(=O)[C@@H]1CCCCCCC(=O)OC",85,78.0447733995106,"Fold1.Rep1"
"4447579","[H][C@](NC(=O)N1CCNC1=O)(C(=O)N[C@@H]1C(=O)N2[C@@H](C(O)=O)C(C)(C)S[C@]12[H])C1=CC=CC=C1",33,63.0349850852352,"Fold1.Rep1"
"4447624","[H][C@@]12OC3=C(O)C=CC4=C3[C@@]11CCN(C)[C@]([H])(C4)[C@]1([H])CCC2=O",20,27.6492979757735,"Fold1.Rep1"
"4470605","C[C@H](C1=CNC=N1)C1=C(C)C(C)=CC=C1",94,68.2836037061303,"Fold1.Rep1"
"4470984","OCCN1CCN(CC\C=C2\C3=CC=CC=C3SC3=C2C=C(Cl)C=C3)CC1",98,88.5210925022035,"Fold1.Rep1"
"4514937","[H][C@@]12CCC[C@]1([H])N([C@@H](C2)C(O)=O)C(=O)[C@H](C)N[C@@H](CCC1=CC=CC=C1)C(=O)OCC",73,67.6824002956374,"Fold1.Rep1"
"4518","COC1=C(OC)C=C(CC2=NC=CC3=CC(OC)=C(OC)C=C23)C=C1",90,84.8680434577135,"Fold1.Rep1"
"4589305","CCCCC\N=C(/N)NN\C=C1/C=NC2=C1C=C(CO)C=C2",98,51.2358675973969,"Fold1.Rep1"
"4591431","OC(=O)C1=CC=C(C=C1)N1N=C(N=C1C1=CC=CC=C1O)C1=CC=CC=C1O",99,92.7339993316696,"Fold1.Rep1"
"4596","O=C1C(C(=O)C2=CC=CC=C12)C1=CC=CC=C1",88,76.5377642107721,"Fold1.Rep1"
"4892","NC1=NC2=C(S1)C=C(OC(F)(F)F)C=C2",96,64.8614416760163,"Fold1.Rep1"
"4895","CC1=C(CCN2CCC(CC2)C2=NOC3=C2C=CC(F)=C3)C(=O)N2CCCCC2=N1",88,74.0889500379815,"Fold1.Rep1"
"49104","[H][C@]12SCC(C=C)=C(N1C(=O)[C@H]2NC(=O)C(=N/OCC(O)=O)\C1=CSC(N)=N1)C(O)=O",65,53.9657023134997,"Fold1.Rep1"
"49516","CNCC[C@@H](OC1=CC=CC=C1C)C1=CC=CC=C1",98,89.336417646516,"Fold1.Rep1"
"50839","OP(O)(=O)OCN1C(=O)NC(C1=O)(C1=CC=CC=C1)C1=CC=CC=C1",97,77.673438248213,"Fold1.Rep1"
"5145","NC1=CC=C(C=C1)S(=O)(=O)NC1=CC=CC=N1",50,79.2190809987403,"Fold1.Rep1"
"5158","OS(=O)CNC1=CC=C(C=C1)S(=O)(=O)C1=CC=C(NCS(O)=O)C=C1",69,87.5335525157531,"Fold1.Rep1"
"51714","[H][C@@]12CC[C@H](C(=O)NC(C)(C)C)[C@@]1(C)CC[C@@]1([H])[C@@]2([H])CC[C@@]2([H])NC(=O)C=C[C@]12C",90,89.6016289828614,"Fold1.Rep1"
"5201","CN1N=NC2=C(N=CN2C1=O)C(N)=O",15,45.8238855319104,"Fold1.Rep1"
"5245","CCSC1=CC2=C(SC3=CC=CC=C3N2CCCN2CCN(C)CC2)C=C1",60,91.2158004654856,"Fold1.Rep1"
"5279","CCS(=O)(=O)CCN1C(C)=NC=C1[N+]([O-])=O",12,63.2062230845518,"Fold1.Rep1"
"5292341","CC[C@H]1OC(=O)[C@H](C)[C@H](O[C@H]2C[C@@](C)(OC)[C@@H](O)[C@H](C)O2)[C@@H](C)[C@@H](O[C@@H]2O[C@H](C)C[C@@H]([C@H]2O)N(C)C)[C@](C)(O)C[C@@H](C)[C@@H]2N[C@@H](COCCOC)O[C@@H]([C@@H]2C)[C@]1(C)O",22,69.5030158535173,"Fold1.Rep1"
"5293005","CCN(CC)C(=O)[C@]1(C[C@H]1CN)C1=CC=CC=C1",22,29.439813935861,"Fold1.Rep1"
"5381","COC1=CC(NCC2=C(C)C3=C(C=C2)N=C(N)N=C3N)=CC(OC)=C1OC",97,85.5155742577846,"Fold1.Rep1"
"5423","CC(C)NC1=C(N=CC=C1)N1CCN(CC1)C(=O)C1=CC2=C(N1)C=CC(NS(C)(=O)=O)=C2",98,80.524744686536,"Fold1.Rep1"
"54785","O[C@@H](CNCCCCC1=CC=C(O)C=C1)C1=CC(O)=C(O)C=C1",58,64.0895943000852,"Fold1.Rep1"
"54810","CC(C)C1=C(C(=O)NC2=CC=CC=C2)C(=C(N1CC[C@@H](O)C[C@@H](O)CC(O)=O)C1=CC=C(F)C=C1)C1=CC=CC=C1",98,89.8503385540988,"Fold1.Rep1"
"54861","CCCCC1=NC=C(\C=C(/CC2=CC=CS2)C(O)=O)N1CC1=CC=C(C=C1)C(O)=O",98,94.9809474843518,"Fold1.Rep1"
"5554","[H][C@@]12CC[C@H](O)[C@@]1(C)CC[C@]1([H])C3=C(CC[C@@]21[H])C=C(O)C=C3",95,85.156754639587,"Fold1.Rep1"
"5628","[H][C@@]12CC[C@@]3(CCC(=O)O3)[C@@]1(C)CC[C@@]1([H])[C@@]2([H])[C@@]([H])(CC2=CC(=O)CC[C@]12C)SC(C)=O",90,86.8359949780355,"Fold1.Rep1"
"5656","[H][C@@]12CC[C@](O)(C(=O)CO)[C@@]1(C)CC(=O)[C@@]1([H])[C@@]2([H])CCC2=CC(=O)C=C[C@]12C",74,68.1929434212647,"Fold1.Rep1"
"571424","CCCC1=CC(=O)NC(=S)N1",82,60.3417577273593,"Fold1.Rep1"
"57718","[H][C@@]12CCCC[C@]1([H])CN(C[C@@H](O)[C@H](CSC1=CC=CC=C1)NC(=O)C1=C(C)C(O)=CC=C1)[C@@H](C2)C(=O)NC(C)(C)C",98,91.1233915879505,"Fold1.Rep1"
"5774","[H][C@@]12CC[C@H](OC(=O)CC)[C@@]1(C)CC[C@@]1([H])[C@@]2([H])CCC2=CC(=O)CC[C@]12C",40,91.669820767683,"Fold1.Rep1"
"5788","[H][C@@]12CC[C@](C)(O)[C@@]1(C)CC[C@@]1([H])[C@@]2([H])CCC2=CC(=O)CC[C@]12C",40,90.2408129993801,"Fold1.Rep1"
"5791","[H][C@@]12CC[C@H](O)[C@@]1(C)CC[C@@]1([H])[C@@]2([H])CCC2=CC(=O)CC[C@]12C",40,84.8817087679625,"Fold1.Rep1"
"5796","COC1=C(OC)C=C2C3CC(=O)C(CC(C)C)CN3CCC2=C1",84,58.281955349633,"Fold1.Rep1"
"5802","[H][C@]12SCC(COC(C)=O)=C(N1C(=O)[C@H]2NC(=O)CC1=CC=CS1)C(O)=O",75,58.6384082660099,"Fold1.Rep1"
"5818","CNC[C@H](O)C1=CC(O)=CC=C1",95,24.1137250787736,"Fold1.Rep1"
"59273","ClC1=CC(Cl)=C(C=C1)C(CN1C=CN=C1)OCC1=CSC2=C1C=CC=C2Cl",99,94.3455209743616,"Fold1.Rep1"
"6205","[H][C@@]12CC[C@](C)(O)[C@@]1(C)C[C@H](O)[C@@]1(F)[C@@]2([H])CCC2=CC(=O)CC[C@]12C",99,76.4017411001969,"Fold1.Rep1"
"62105","[H][C@@]12C[C@]1([H])[C@@]1([H])[C@]3([H])[C@]4([H])C[C@]4([H])[C@@]4(CCC(=O)O4)[C@@]3(C)CC[C@]1([H])[C@@]1(C)CCC(=O)C=C21",96,87.0959329839646,"Fold1.Rep1"
"64459","COC1=C(OCCCN2CCC(CC2)C2=NOC3=C2C=CC(F)=C3)C=CC(=C1)C(C)=O",95,92.5967565694482,"Fold1.Rep1"
"7845223","[H][C@]12SCC(CSC3=NN=NN3C)=C(N1C(=O)[C@H]2NC(=O)C(=N/OC)\C1=CSC(N)=N1)C(O)=O",70,59.5542008403495,"Fold1.Rep1"
"8358471","COC1=CC=C(C=C1)N1N=C(C(N)=O)C2=C1C(=O)N(CC2)C1=CC=C(C=C1)N1CCCCC1=O",87,85.8347100487538,"Fold1.Rep1"
"8360155","CN(C)C\C=C\C(=O)NC1=C(O[C@H]2CCOC2)C=C2N=CN=C(NC3=CC(Cl)=C(F)C=C3)C2=C1",95,91.0737290144024,"Fold1.Rep1"
"83706","CC(C)[C@H](N1CCCNC1=O)C(=O)N[C@H](C[C@H](O)[C@H](CC1=CC=CC=C1)NC(=O)COC1=C(C)C=CC=C1C)CC1=CC=CC=C1",99,87.2792583458317,"Fold1.Rep1"
"9296","CCCCCCCCCC(=O)O[C@H]1CC[C@H]2[C@@H]3CCC4=CC(=O)CC[C@@H]4[C@H]3CC[C@]12C",58,85.2063900252473,"Fold1.Rep1"
"94631","[H][C@]12CC(SCC\N=C\N)=C(N1C(=O)[C@]2([H])[C@@H](C)O)C(O)=O",20,25.5937653682606,"Fold1.Rep1"
"9524","CCC(C1=CC=CC=C1)C1=C(O)C2=C(OC1=O)C=CC=C2",99,92.4417477418179,"Fold1.Rep1"
"10194105","CN1[C@H]2CC[C@@H]1C[C@@H](C2)OC(=O)C(CO)C1=CC=CC=C1",22,51.0376169025448,"Fold2.Rep1"
"10246417","CN1[C@H]2CC[C@@H]1C[C@@H](C2)OC(=O)[C@H](CO)C1=CC=CC=C1",50,51.0376169025448,"Fold2.Rep1"
"10481959","CN(C)N=NC1=C(N=CN1)C(N)=O",5,33.5053895341248,"Fold2.Rep1"
"10482084","CC(C)C1CC[C@@H](CC1)C(=O)N[C@H](CC1=CC=CC=C1)C(O)=O",98,85.883774980889,"Fold2.Rep1"
"10482163","CC[C@H]1OC(=O)[C@H](C)[C@@H](O[C@H]2C[C@@](C)(OC)[C@@H](O)[C@H](C)O2)[C@H](C)[C@@H](O[C@@H]2O[C@H](C)C[C@@H]([C@H]2O)N(C)C)[C@](C)(O)C[C@@H](C)CN(C)[C@H](C)[C@@H](O)[C@]1(C)O",51,60.0269327539618,"Fold2.Rep1"
"106472","[H][C@]1(F)[C@H](O)[C@@H](CO)O[C@H]1N1C=NC2=C(N)N=C(Cl)N=C12",47,29.8709061389221,"Fold2.Rep1"
"10815","COC1=CC=C(C=C1)C(Cl)=C(C1=CC=C(OC)C=C1)C1=CC=C(OC)C=C1",80,92.6964174422067,"Fold2.Rep1"
"110575","ClC1=CC2=C(C=C1)C(=C1CCNCC1)C1=C(CC2)C=CC=N1",85,79.8757300352893,"Fold2.Rep1"
"111300","CN(C)CC(C1=CC=C(O)C=C1)C1(O)CCCCC1",30,62.7141141674105,"Fold2.Rep1"
"11540","CC(=O)N[C@@H](CS)C(O)=O",83,45.4456189186528,"Fold2.Rep1"
"129277","CN(C)CCC[C@]1(OCC2=C1C=CC(=C2)C#N)C1=CC=C(F)C=C1",56,84.1477272300232,"Fold2.Rep1"
"132758","[H][C@]12[C@@H](C)C(S[C@]3([H])CN[C@@]([H])(C3)C(=O)NC3=CC=CC(=C3)C(O)=O)=C(N1C(=O)[C@]2([H])[C@@H](C)O)C(O)=O",95,67.3741868222905,"Fold2.Rep1"
"135679","NC1=NC(=O)C2=C(N1)N(C=N2)[C@H]1C[C@H](O)[C@@H](CO)C1=C",13,26.1721629066531,"Fold2.Rep1"
"135722","CCCC(=O)OCOC(=O)C1=C(C)NC(C)=C(C1C1=CC=CC(Cl)=C1Cl)C(=O)OC",99.5,93.9685717780664,"Fold2.Rep1"
"137720","COC1=CC2=C(C=C1)C=C(C=C2)[C@H](C)C(O)=O",99,85.563886387002,"Fold2.Rep1"
"15266","[H][C@@]12C=C(C)CC[C@@]1([H])C(C)(C)OC1=CC(CCCCC)=CC(O)=C21",97,90.2452785589202,"Fold2.Rep1"
"1710","O=C1NC(=O)C(N1)(C1=CC=CC=C1)C1=CC=CC=C1",90,76.9252670666511,"Fold2.Rep1"
"1859","NC1=C2CCCCC2=NC2=CC=CC=C12",55,70.0707845905432,"Fold2.Rep1"
"187603","OC(=O)CCC(O)=O.O=C(O[C@H]1CN2CCC1CC2)N1CCC2=CC=CC=C2[C@@H]1C1=CC=CC=C1",98,88.2393522219937,"Fold2.Rep1"
"1901","CCCC(=O)NC1=CC(C(C)=O)=C(OCC(O)CNC(C)C)C=C1",26,72.4431917291937,"Fold2.Rep1"
"2004","NCCCC(O)(P(O)(O)=O)P(O)(O)=O",78,41.2390928060445,"Fold2.Rep1"
"2034","CC1=NN=C2CN=C(C3=CC=CC=C3)C3=C(C=CC(Cl)=C3)N12",80,88.7938543786141,"Fold2.Rep1"
"2072","CCCCC1=C(C(=O)C2=CC(I)=C(OCCN(CC)CC)C(I)=C2)C2=CC=CC=C2O1",96,91.9698736475659,"Fold2.Rep1"
"2077","CCOC(=O)C1=C(COCCN)NC(C)=C(C1C1=CC=CC=C1Cl)C(=O)OC",97.5,75.6145611520818,"Fold2.Rep1"
"2094","COC1=C(NC2=C3C=CC=CC3=NC3=CC=CC=C23)C=CC(NS(C)(=O)=O)=C1",98,93.406933681041,"Fold2.Rep1"
"2102","CC(C)(C#N)C1=CC(=CC(CN2C=NC=N2)=C1)C(C)(C)C#N",40,70.2149008937036,"Fold2.Rep1"
"2178","CN1C=NC(=C1SC1=NC=NC2=C1NC=N2)[N+]([O-])=O",30,55.3031669058554,"Fold2.Rep1"
"2273675","[H][C@]12CC[C@]([H])(CC(C1)N1C(C)=NN=C1C(C)C)N2CC[C@H](NC(=O)C1CCC(F)(F)CC1)C1=CC=CC=C1",76,82.4156395114615,"Fold2.Rep1"
"2276","CNCCC1=CC=CC=N1",3,43.3869137879275,"Fold2.Rep1"
"2280207","COC1=NC(N)=NC2=C1N=CN2[C@@H]1O[C@H](CO)[C@@H](O)[C@@H]1O",25,21.3191536685171,"Fold2.Rep1"
"2312","CC(C)NCC(O)COC1=CC=C(COCCOC(C)C)C=C1",30,54.7737605073094,"Fold2.Rep1"
"2338979","COC1=C(OCC2CCN(C)CC2)C=C2N=CN=C(NC3=C(F)C=C(Br)C=C3)C2=C1",90,93.5566909764464,"Fold2.Rep1"
"2483","CC(C(O)=O)C1=CC2=C(C=C1)C1=C(N2)C=CC(Cl)=C1",99,83.3798913722627,"Fold2.Rep1"
"25037","C1CN2C[C@@H](N=C2S1)C1=CC=CC=C1",25,49.137753047819,"Fold2.Rep1"
"25948202","COc1cc2c(ccnc2cc1OC)Oc3ccc(cc3)NC(=O)C4(CC4)C(=O)Nc5ccc(cc5)F",99.7,94.7791352403712,"Fold2.Rep1"
"26847","[H][C@@]12CC3=CNC4=CC=CC(=C34)C1=C[C@@H](CN2C)NC(=O)N(CC)CC",15,66.8388157783364,"Fold2.Rep1"
"2804","ClCCN(CCCl)P1(=O)NCCCO1",20,37.7617055985007,"Fold2.Rep1"
"2808","OC(CCN1CCCCC1)(C1CCCC1)C1=CC=CC=C1",18,69.8509793076181,"Fold2.Rep1"
"28163","COC1=CC=CC2=C1C(=O)C1=C(O)C3=C(C[C@](O)(C[C@@H]3O[C@H]3C[C@H](N)[C@H](O)[C@H](C)O3)C(C)=O)C(O)=C1C2=O",97,77.4945241363531,"Fold2.Rep1"
"28532","NC1=C2N=CN([C@@H]3O[C@H](COP(O)(O)=O)[C@@H](O)[C@@H]3O)C2=NC(F)=N1",24,32.714839192617,"Fold2.Rep1"
"28829","CCOC(=O)N1C=CN(C)C1=S",85,34.5070909768203,"Fold2.Rep1"
"2888","CNCCCN1C2=CC=CC=C2CCC2=CC=CC=C12",83,87.8792901056828,"Fold2.Rep1"
"29046","[H][C@@]12C[C@@H](O)[C@](O)(C(=O)CO)[C@@]1(C)C[C@H](O)[C@@]1(F)[C@@]2([H])CCC2=CC(=O)C=C[C@]12C",68,61.3404965167887,"Fold2.Rep1"
"29342297","[H][C@@]12C[C@@H](C)[C@](OC(=O)C3=CC=CO3)(C(=O)SCF)[C@@]1(C)C[C@H](O)[C@@]1(F)[C@@]2([H])C[C@H](F)C2=CC(=O)C=C[C@]12C",99,83.8816450597631,"Fold2.Rep1"
"2989","CN(C)CCOC(C1=CC=CC=C1)C1=CC=CC=C1",99,88.9277154169364,"Fold2.Rep1"
"29966","NC1=NC=NC2=C1N=CN2[C@@H]1O[C@H](CO)[C@@H](O)[C@@H]1O",33,23.875677091368,"Fold2.Rep1"
"2997","OCCN(CCO)C1=NC2=C(N=C(N=C2N2CCCCC2)N(CCO)CCO)C(=N1)N1CCCCC1",99,43.0493034358819,"Fold2.Rep1"
"31608","NC(=O)N1C2=CC=CC=C2CC(=O)C2=CC=CC=C12",35,83.2699875656202,"Fold2.Rep1"
"3225","CC(C(O)=O)C1=CC(OC2=CC=CC=C2)=CC=C1",99,85.9860750106995,"Fold2.Rep1"
"32555","CC1=CN([C@H]2C[C@H](N=[N+]=[N-])[C@@H](CO)O2)C(=O)NC1=O",38,12.9610400630039,"Fold2.Rep1"
"3269","CNCCC(OC1=CC=C(C=C1)C(F)(F)F)C1=CC=CC=C1",94.5,92.3518650402379,"Fold2.Rep1"
"3292","COC1=CC=C(CC(C)NCC(O)C2=CC(NC=O)=C(O)C=C2)C=C1",63,66.2570295172384,"Fold2.Rep1"
"33395","[H][C@]12[C@H](OC(=O)C3=CC=CC=C3)[C@]3(O)C[C@H](OC(=O)[C@H](O)[C@@H](NC(=O)C4=CC=CC=C4)C4=CC=CC=C4)C(C)=C([C@@H](OC(C)=O)C(=O)[C@]1(C)[C@@H](O)C[C@H]1OC[C@@]21OC(C)=O)C3(C)C",94,85.6007774116495,"Fold2.Rep1"
"3345","CC1=CC(OCCCC(C)(C)C(O)=O)=C(C)C=C1",95,85.0449937577305,"Fold2.Rep1"
"3368","COC1=C(C=C(Cl)C=C1)C(=O)NCCC1=CC=C(C=C1)S(=O)(=O)NC(=O)NC1CCCCC1",99,97.0035953371933,"Fold2.Rep1"
"34369","CC(C)(C)NC[C@H](O)COC1=CC=CC=C1C1CCCC1",90,82.0456655770875,"Fold2.Rep1"
"3482","CN1C(=O)NC(=O)C(C)(C1=O)C1=CCCCC1",25,36.8715749749924,"Fold2.Rep1"
"3526","CCN(CCO)CCCC(C)NC1=C2C=CC(Cl)=CC2=NC=C1",45,74.5217114808709,"Fold2.Rep1"
"3570","NC1=CC(=CNC1=O)C1=CC=NC=C1",30,53.0671758373056,"Fold2.Rep1"
"3584","COC1=CC2=C(C=C1)N(C(=O)C1=CC=C(Cl)C=C1)C(C)=C2CC(O)=O",97,93.3462584050046,"Fold2.Rep1"
"3818","CN(C)C(=O)C(CCN1CCC(O)(CC1)C1=CC=C(Cl)C=C1)(C1=CC=CC=C1)C1=CC=CC=C1",97,87.5818988983787,"Fold2.Rep1"
"3820","CCOC(=O)N1CCC(CC1)=C1C2=C(CCC3=C1N=CC=C3)C=C(Cl)C=C2",99,89.4741631397406,"Fold2.Rep1"
"3821","OC1N=C(C2=CC=CC=C2Cl)C2=C(NC1=O)C=CC(Cl)=C2",91,92.0986568490851,"Fold2.Rep1"
"390090","[H][C@@]12C[C@@H](C)[C@](O)(C(=O)CCl)[C@@]1(C)C[C@H](O)[C@@]1(Cl)[C@@]2([H])CCC2=CC(=O)C=C[C@]12C",99,78.9203278742622,"Fold2.Rep1"
"3914","CC12CC3CC(C)(C1)CC(N)(C3)C2",45,55.8435455333433,"Fold2.Rep1"
"391976","CC1=CC=CC=C1C(=O)NC1=CC(C)=C(C=C1)C(=O)N1CCC[C@@H](O)C2=C1C=CC(Cl)=C2",99,94.3068795822096,"Fold2.Rep1"
"392056","[H][C@@]12C[C@@]3([H])[C@]4([H])CCC5=CC(=O)C=C[C@]5(C)[C@@]4([H])[C@@H](O)C[C@]3(C)[C@@]1(OC(O2)C1CCCCC1)C(=O)COC(=O)C(C)C",99,82.7544592866031,"Fold2.Rep1"
"393220","CO[C@@H]1C[C@@H](CC[C@H]1O)\C=C(/C)[C@H]1OC(=O)[C@@H]2CCCCN2C(=O)C(=O)[C@]2(O)O[C@@H]([C@H](C[C@H]2C)OC)[C@H](C[C@@H](C)C\C(C)=C\[C@@H](CC=C)C(=O)C[C@H](O)[C@H]1C)OC",99,83.1593664728249,"Fold2.Rep1"
"39734","[H][C@]12SCC(CSC3=NN=NN3CS(O)(=O)=O)=C(N1C(=O)[C@H]2NC(=O)[C@H](O)C1=CC=CC=C1)C(O)=O",98,57.4662085855044,"Fold2.Rep1"
"39888","FC1=CC=C(C=C1)[C@@H]1CCNC[C@H]1COC1=CC2=C(OCO2)C=C1",95,88.4711859783223,"Fold2.Rep1"
"4018","CCC1(CC)C(=O)NCC(C)C1=O",60,46.2445574976371,"Fold2.Rep1"
"4029","CC1=NC=C(N1CCO)[N+]([O-])=O",20,25.1108420120371,"Fold2.Rep1"
"4294","CCC1=NN(CCCN2CCN(CC2)C2=CC(Cl)=CC=C2)C(=O)N1CCOC1=CC=CC=C1",99,93.4201043517709,"Fold2.Rep1"
"4301","CN(C)C(=O)OC1=CC(=CC=C1)[N+](C)(C)C",20,54.9378712401658,"Fold2.Rep1"
"4330","COC(=O)C1=C(C)NC(C)=C(C1C1=CC=CC=C1[N+]([O-])=O)C(=O)OC",95,86.6959291621149,"Fold2.Rep1"
"4333","OC(=O)C1=C(NC2=CC=CC(=C2)C(F)(F)F)N=CC=C1",90,91.301613476523,"Fold2.Rep1"
"43629","[H][C@]12SCC(C)=C(N1C(=O)[C@H]2NC(=O)[C@H](N)C1=CC=C(O)C=C1)C(O)=O",28.1,40.2347184552583,"Fold2.Rep1"
"4384","CNCCC=C1C2=CC=CC=C2CCC2=CC=CC=C12",94,89.7163895087967,"Fold2.Rep1"
"4444507","OC(=O)CC1(CC1)CS[C@H](CCC1=CC=CC=C1C(O)(C)C)C1=CC=CC(\C=C\C2=NC3=C(C=CC(Cl)=C3)C=C2)=C1",99,89.9124018517623,"Fold2.Rep1"
"4444537","CCN(CC)C(=O)C(=C\C1=CC(=C(O)C(O)=C1)[N+]([O-])=O)\C#N",98,61.8736932767764,"Fold2.Rep1"
"4445173","[H]C(CCN1CCN(CCO)CC1)=C1C2C=C(C=CC2SC2=C1C=CC=C2)C(F)(F)F",95,86.1484344731238,"Fold2.Rep1"
"4445273","[H][C@@]12CC3=C(C=C(NC(=O)CNC(C)(C)C)C(O)=C3C(=O)C1=C(O)[C@]1(O)C(=O)C(C(N)=O)=C(O)[C@@H](N(C)C)[C@]1([H])C2)N(C)C",89,70.0548376367337,"Fold2.Rep1"
"4447447","[H][C@@]12OC3=C(OC)C=CC4=C3[C@@]11CCN(C)[C@]([H])(C4)[C@]1([H])C=C[C@@H]2O",25,32.6941203214152,"Fold2.Rep1"
"4447586","[H][C@]12SCC(C=CC)=C(N1C(=O)[C@@]2([H])NC(=O)[C@H](N)C1=CC=C(O)C=C1)C(O)=O",36,49.0882616675319,"Fold2.Rep1"
"4447611","[H]C(Cl)=CC(O)(CC)C#C",44,45.5812539887053,"Fold2.Rep1"
"4470813","O[C@H]1CC[C@@]2(O)[C@H]3CC4=CC=C(O)C5=C4[C@@]2(CCN3CC2CCC2)[C@H]1O5",1,45.7372502720595,"Fold2.Rep1"
"4471584","CN1\C(=C(/O)NC2=CC=CC=N2)C(=O)C2=C(C=CS2)S1(=O)=O",99,85.9781990888767,"Fold2.Rep1"
"4488","NC1=CC(O)=C(C=C1)C(O)=O",55,59.0993282448699,"Fold2.Rep1"
"4512","NCCC(O)(P(O)(O)=O)P(O)(O)=O",54,42.36722034429,"Fold2.Rep1"
"4515025","OC(=O)CCCCO\N=C(\C1=CN=CC=C1)C1=CC(=CC=C1)C(F)(F)F",60,93.1460274521768,"Fold2.Rep1"
"4517","COC1=C(OC)C(CS(=O)C2=NC3=C(N2)C=C(OC(F)F)C=C3)=NC=C1",98,83.6200886207835,"Fold2.Rep1"
"45608","CCCC1=C2N(CC)C(=CC(=O)C2=CC2=C1OC(=CC2=O)C(O)=O)C(O)=O",89,77.9073749592817,"Fold2.Rep1"
"4575379","[H][C@@]12OC3=C(OC(C)=O)C=CC4=C3[C@@]11CCN(C)[C@]([H])(C4)[C@]1([H])C=C[C@@H]2OC(C)=O",0,61.2246108525192,"Fold2.Rep1"
"4584","C(C(C1CCCCC1)C1CCCCC1)C1CCCCN1",90,68.0489296823941,"Fold2.Rep1"
"4722","O=C(C1CCCCC1)N1CC2N(CCC3=CC=CC=C23)C(=O)C1",83,55.1912008019741,"Fold2.Rep1"
"4757","CN(C)CCCN1C2=CC=CC=C2SC2=CC=CC=C12",94,91.1054969704767,"Fold2.Rep1"
"4771","CCC(=O)C1=CC2=C(SC3=CC=CC=C3N2CC(C)N(C)C)C=C1",81,88.2133951884581,"Fold2.Rep1"
"48085","[H][C@]12[C@H](C[C@@H](C)C=C1C=C[C@H](C)[C@@H]2CC[C@@H]1C[C@@H](O)CC(=O)O1)OC(=O)[C@@H](C)CC",95,91.8968899770199,"Fold2.Rep1"
"4819","CCC1=C(C(N)=NC(N)=N1)C1=CC=C(Cl)C=C1",87,62.8779339601524,"Fold2.Rep1"
"4827","OCCOCCN1CCN(CC1)C1=NC2=CC=CC=C2SC2=CC=CC=C12",83,82.8914084807471,"Fold2.Rep1"
"48492","CSC1=CC=C(C=C1)C(=O)C1=C(C)NC(=O)N1",85,65.8268873129545,"Fold2.Rep1"
"4859","OC1=CC=C(C=C1)C1=C(C(=O)C2=CC=C(OCCN3CCCCC3)C=C2)C2=C(S1)C=C(O)C=C2",95,90.6954406067953,"Fold2.Rep1"
"49195","CCN1CCC[C@H]1CNC(=O)C1=C(OC)C=CC(Br)=C1OC",98,76.4294051873905,"Fold2.Rep1"
"4942398","[H][C@]12SCC(\C=C/C3=C(C)N=CS3)=C(N1C(=O)[C@H]2NC(=O)C(=N/OC)\C1=CSC(N)=N1)C(O)=O",88,68.6118504213693,"Fold2.Rep1"
"49452","[H][C@@]12CC3=CNC4=CC=CC(=C34)[C@@]1([H])C[C@H](CN2CC=C)C(=O)N(CCCN(C)C)C(=O)NCC",42,80.9027233663715,"Fold2.Rep1"
"4949236","C[C@H]1CCC[C@@]2(C)O[C@@]2([H])C[C@H](NC(=O)C[C@@H](O)C(C)(C)C(=O)[C@@H](C)[C@H]1O)C(\C)=C\C1=CSC(C)=N1",71,81.9088906362949,"Fold2.Rep1"
"5018818","[H][C@]12SCC=C(N1C(=O)[C@H]2NC(=O)C(=N/OC)\C1=CSC(N)=N1)C(O)=O",30,50.9227939654409,"Fold2.Rep1"
"5063","CC(C)NCC(O)C1=CC=C(NS(C)(=O)=O)C=C1",1,45.0082909960377,"Fold2.Rep1"
"51867","CCCN(CCC1=CC=CS1)C1CCC2=C(C1)C=CC=C2O",92,83.5151332738032,"Fold2.Rep1"
"5198","CN1C2=C(C=C(Cl)C=C2)C(=NC(O)C1=O)C1=CC=CC=C1",96,91.0608275257542,"Fold2.Rep1"
"5212","CC(C)(C)C1=CC=C(C=C1)C(O)CCCN1CCC(CC1)C(O)(C1=CC=CC=C1)C1=CC=CC=C1",70,81.846461996787,"Fold2.Rep1"
"5304","CCCCNC(=O)NS(=O)(=O)C1=CC=C(C)C=C1",95,74.7517070562557,"Fold2.Rep1"
"5367","CN(C)CCCN1C2=CC=CC=C2SC2=C1C=C(C=C2)C(F)(F)F",90,92.5289776416698,"Fold2.Rep1"
"54905","OP(O)(=O)C(SC1=CC=C(Cl)C=C1)P(O)(O)=O",90,58.8795201756154,"Fold2.Rep1"
"54912","CCCCS(=O)(=O)N[C@@H](CC1=CC=C(OCCCCC2CCNCC2)C=C1)C(O)=O",65,78.4032696643449,"Fold2.Rep1"
"5532","NS(=O)(=O)CC1=NOC2=CC=CC=C12",40,52.1485168966969,"Fold2.Rep1"
"5533","CN1CCN(CC1)C(=O)OC1N(C(=O)C2=NC=CN=C12)C1=NC=C(Cl)C=C1",45,62.132657532611,"Fold2.Rep1"
"559124","CO[C@]12CC[C@@]3(C[C@@H]1[C@](C)(O)C(C)(C)C)[C@H]1CC4=C5C(O[C@@H]2[C@@]35CCN1CC1CC1)=C(O)C=C4",96,71.2989988574617,"Fold2.Rep1"
"5699","CC[C@H]1[C@H](COC1=O)CC2=CN=CN2C",1,30.3677292640432,"Fold2.Rep1"
"5707","N[C@@H](CC1=CC(I)=C(OC2=CC(I)=C(O)C=C2)C(I)=C1)C(O)=O",99.7,75.8336503597014,"Fold2.Rep1"
"58532","CC(C)CN(C[C@@H](O)[C@H](CC1=CC=CC=C1)NC(=O)O[C@H]1CCOC1)S(=O)(=O)C1=CC=C(N)C=C1",90.1,86.9012468196474,"Fold2.Rep1"
"58649","NC1=NC2=C(N=CN2[C@@H]2C[C@H](CO)C=C2)C(NC2CC2)=N1",50,40.8599928552589,"Fold2.Rep1"
"59245","CCN(CC)C(=O)[C@@]1(C[C@@H]1CN)C1=CC=CC=C1",13,39.5527983406664,"Fold2.Rep1"
"59268","[H][C@]1(CNCCO1)[C@@H](OC1=CC=CC=C1OCC)C1=CC=CC=C1",98,88.8586370455442,"Fold2.Rep1"
"59377","CCOC1=C(C=CC(CC(=O)N[C@@H](CC(C)C)C2=CC=CC=C2N2CCCCC2)=C1)C(O)=O",98,91.5070580080706,"Fold2.Rep1"
"6015","OC[C@@H](O)[C@@H](O)[C@H](O)[C@H](O)CO",0,28.0414486126258,"Fold2.Rep1"
"62138","[H][C@@]12CC[C@@H](C)[C@]3([H])CC[C@@]4(C)OO[C@@]13[C@]([H])(O[C@H](OC)[C@@H]2C)O4",99,69.1573209827209,"Fold2.Rep1"
"65276","[H][C@]12[C@H](OC(=O)C(O)(CCCC(C)(C)O)CC(=O)OC)C(OC)=C[C@@]11CCCN1CCC1=CC3=C(OCO3)C=C21",50,73.3070611992968,"Fold2.Rep1"
"6761","CN[C@@H](C)[C@@H](O)C1=CC=CC=C1",0,47.9438440252333,"Fold2.Rep1"
"8013742","CC[C@H]([C@@H](C)CN(C)C)C1=CC(O)=CC=C1",20,72.8234606560279,"Fold2.Rep1"
"8041219","NC1=NC(CC(=O)NC2=CC=C(CCNC[C@H](O)C3=CC=CC=C3)C=C2)=CS1",71,86.119958648705,"Fold2.Rep1"
"8289501","CN(C1=CC2=NN(C)C(C)=C2C=C1)C1=CC=NC(NC2=CC=C(C)C(=C2)S(N)(=O)=O)=N1",99,85.907319969157,"Fold2.Rep1"
"8683","CCC#CC(C)C1(CC=C)C(=O)NC(=O)N(C)C1=O",73,51.402020997343,"Fold2.Rep1"
"8981","CO[C@@H]1[C@@H](OC(N)=O)[C@@H](O)[C@H](OC2=C(C)C3=C(C=C2)C(O)=C(NC(=O)C2=CC=C(O)C(CC=C(C)C)=C2)C(=O)O3)OC1(C)C",95,89.9509991766158,"Fold2.Rep1"
"9419005","N[C@H](C(=O)N1[C@H]2C[C@H]2C[C@H]1C#N)C12CC3CC(CC(O)(C3)C1)C2",10,29.1099226803414,"Fold2.Rep1"
"10442212","CN1CCN(CC1)C1=NC2=CC=CC=C2NC2=C1C=C(C)S2",93,78.7825075057677,"Fold3.Rep1"
"10482000","NC[C@H]1CC[C@@H](CC1)C(O)=O",3,21.253071504568,"Fold3.Rep1"
"114457","CCOC1=CC=CC=C1OCCN[C@H](C)CC1=CC(=C(OC)C=C1)S(N)(=O)=O",99,79.3214492744633,"Fold3.Rep1"
"114471","NC(=O)C1=CN(CC2=C(F)C=CC=C2F)N=N1",30,54.6619450268605,"Fold3.Rep1"
"117348","CC(=O)O[C@H]1CC[C@]2(C)C3CC[C@@]4(C)C(CC=C4C4=CN=CC=C4)C3CC=C2C1",99,81.148200974022,"Fold3.Rep1"
"12773","[H][C@@]12N(C)C3=C(C=C(C(OC)=C3)[C@]3(C[C@@H]4CN(C[C@](O)(CC)C4)CCC4=C3NC3=CC=CC=C43)C(=O)OC)[C@@]11CCN3CC=C[C@@](CC)([C@@H](OC(C)=O)[C@]2(O)C(=O)OC)[C@@]13[H]",99,81.921622966415,"Fold3.Rep1"
"12919","CCOC(=O)C1(CCN(CCC(C#N)(C2=CC=CC=C2)C2=CC=CC=C2)CC1)C1=CC=CC=C1",80,86.7226563623205,"Fold3.Rep1"
"130581","[H][C@@]12C[C@H](O)[C@@]3(C)C(=O)[C@H](O)C4=C(C)[C@H](C[C@@](O)([C@@H](OC(=O)C5=CC=CC=C5)[C@]3([H])[C@@]1(CO2)OC(C)=O)C4(C)C)OC(=O)[C@H](O)[C@@H](NC(=O)OC(C)(C)C)C1=CC=CC=C1",97,87.5546159333337,"Fold3.Rep1"
"131636","CCCCC[C@H](O)C=C[C@H]1[C@H](O)CC(=O)[C@@H]1CCCCCCC(O)=O",81,80.3133911694592,"Fold3.Rep1"
"13172","[H][C@@]12CCC3=CC(=O)C=C[C@]3(C)[C@@]1([H])CC[C@]1(C)OC(=O)CC[C@@]21[H]",85,83.4003978881941,"Fold3.Rep1"
"132493","O[C@@H](CC[C@@H]1[C@H](N(C1=O)C1=CC=C(F)C=C1)C1=CC=C(O)C=C1)C1=CC=C(F)C=C1",90,91.5446332595454,"Fold3.Rep1"
"135807","COC(=O)[C@@H]([C@H]1CCCCN1)C1=CC=CC=C1",30,36.8738809817235,"Fold3.Rep1"
"14401","CC[C@H](OC(C)=O)C(C[C@H](C)N(C)C)(C1=CC=CC=C1)C1=CC=CC=C1",80,84.0539329908376,"Fold3.Rep1"
"16929","ClC1=CC2=C(NC(=O)CN=C2C2=CC=CC=C2Cl)C=C1",90,88.6561858344415,"Fold3.Rep1"
"184733","[H][C@@]12CCO[C@]1([H])OC[C@@H]2OC(=O)N[C@@H](CC1=CC=CC=C1)[C@H](O)CN(CC(C)C)S(=O)(=O)C1=CC=C(N)C=C1",95,87.5951849089814,"Fold3.Rep1"
"184739","O=C1[C@H]2[C@@H]3CC[C@@H](C3)[C@H]2C(=O)N1C[C@@H]1CCCC[C@H]1CN1CCN(CC1)C1=NSC2=CC=CC=C12",99,73.8761065597824,"Fold3.Rep1"
"1909","CC(=O)NC1=NN=C(S1)S(N)(=O)=O",98,59.0266050276621,"Fold3.Rep1"
"1945","NC1=NC(=O)C2=C(N1)N(COCCO)C=N2",21,25.7059720640935,"Fold3.Rep1"
"1998","CCCSC1=CC2=C(C=C1)N=C(NC(=O)OC)N2",70,80.5609095457922,"Fold3.Rep1"
"2006532","[H][C@]12CC[C@]3([H])[C@]([H])(C[C@@H](O)[C@]4(C)[C@H](CC[C@]34O)C3=CC(=O)OC3)[C@@]1(C)CC[C@@H](C2)O[C@H]1C[C@H](O)[C@H](O[C@H]2C[C@H](O)[C@H](O[C@H]3C[C@H](O)[C@H](O)[C@@H](C)O3)[C@@H](C)O2)[C@@H](C)O1",25,64.0509551949199,"Fold3.Rep1"
"2008","COC1=C(OC)C=C2C(N)=NC(=NC2=C1)N(C)CCCNC(=O)C1CCCO1",90,49.9712822167309,"Fold3.Rep1"
"2010","O=C1N=CN=C2NNC=C12",1,28.6078809808473,"Fold3.Rep1"
"2015","CN1C2=C(C3=CC=CC=C13)C(=O)N(CC1=C(C)NC=N1)CC2",82,69.077100511896,"Fold3.Rep1"
"2035","CC(C)NCC(O)COC1=CC=CC=C1CC=C",90,53.3241292313797,"Fold3.Rep1"
"2038","CN(C)C1=NC(=NC(=N1)N(C)C)N(C)C",94,35.8757611161248,"Fold3.Rep1"
"2041901","CCC1=NC=CC(=C1)C(N)=S",30,58.0543219646427,"Fold3.Rep1"
"2162","CC(C)NCC(O)COC1=CC=C(CC(N)=O)C=C1",16,28.8272099298097,"Fold3.Rep1"
"2180","CN1CCCC(CC1)N1N=C(CC2=CC=C(Cl)C=C2)C2=CC=CC=C2C1=O",88,89.7055977760087,"Fold3.Rep1"
"2300501","OCCOC1=CC=C(C=C1)C(=C(\CCCl)C1=CC=CC=C1)\C1=CC=CC=C1",99,87.6831093728713,"Fold3.Rep1"
"23731","OP(O)(=O)C(Cl)(Cl)P(O)(O)=O",36,63.3030208016867,"Fold3.Rep1"
"2377","CCCCNC1=C(OC2=CC=CC=C2)C(=CC(=C1)C(O)=O)S(N)(=O)=O",99,77.9750992815937,"Fold3.Rep1"
"2381","CC1=CC(OCC(O)CNC(C)(C)C)=C(Cl)C=C1",76,71.5480458639151,"Fold3.Rep1"
"2445","CCOC1=NC2=CC=CC(C(O)=O)=C2N1CC1=CC=C(C=C1)C1=CC=CC=C1C1=NNN=N1",99,96.2166469254713,"Fold3.Rep1"
"24747352","CCCS(=O)(=O)NC1=C(F)C(C(=O)C2=CNC3=NC=C(C=C23)C2=CC=C(Cl)C=C2)=C(F)C=C1",99,92.8847396129838,"Fold3.Rep1"
"25948204","CC(C)(C)C1=NC(=C(S1)C1=NC(N)=NC=C1)C1=C(F)C(NS(=O)(=O)C2=C(F)C=CC=C2F)=CC=C1",99.7,90.5178599337183,"Fold3.Rep1"
"2607","OC(=O)CCCC1=CC=C(C=C1)N(CCCl)CCCl",99,75.1795761814711,"Fold3.Rep1"
"2619","NS(=O)(=O)C1=C(Cl)C=C2NC=NS(=O)(=O)C2=C1",40,64.0440146650542,"Fold3.Rep1"
"2625","CN(C)CCCN1C2=CC=CC=C2SC2=C1C=C(Cl)C=C2",91,89.8950056566482,"Fold3.Rep1"
"2652","O=C1CCC2=C(N1)C=CC(OCCCCC1=NN=NN1C1CCCCC1)=C2",96,75.2272893593061,"Fold3.Rep1"
"2699","CN(C)CCCN1C2=CC=CC=C2CCC2=C1C=C(Cl)C=C2",98,88.8656861991751,"Fold3.Rep1"
"2866","CN1C=CC(=O)C(O)=C1C",10,46.9302676203489,"Fold3.Rep1"
"29111","[H][C@@]12CC[C@](O)(C(=O)CO)[C@@]1(C)C[C@H](O)[C@@]1(F)[C@@]2([H])CCC2=CC(=O)CC[C@]12C",42,73.6172994388054,"Fold3.Rep1"
"29400","COC1=CC=CC2=C1C(=O)C1=C(O)C3=C(C[C@](O)(C[C@@H]3O[C@H]3C[C@H](N)[C@H](O)[C@H](C)O3)C(=O)CO)C(O)=C1C2=O",75,80.157263560927,"Fold3.Rep1"
"3040","COC1=C(OC)C=C2C(=O)C(CC3CCN(CC4=CC=CC=C4)CC3)CC2=C1",96,88.6066217241821,"Fold3.Rep1"
"31013","CC(C)(C)NCC(O)COC1=NSN=C1N1CCOCC1",10,31.0270388886269,"Fold3.Rep1"
"31640","O.C[C@@](CC1=CC(O)=C(O)C=C1)(NN)C(O)=O",76,42.9651710301519,"Fold3.Rep1"
"3214","NC(=O)OCC(COC(N)=O)C1=CC=CC=C1",28,60.3791608918186,"Fold3.Rep1"
"3256","CCOC(=O)C1=C2CN(C)C(=O)C3=C(C=CC(F)=C3)N2C=N1",50,56.7107050099103,"Fold3.Rep1"
"3268","FC1=CNC(=O)NC1=O",12,32.1682168455373,"Fold3.Rep1"
"3280","CC(C)C(=O)NC1=CC(=C(C=C1)[N+]([O-])=O)C(F)(F)F",96,87.7577731219026,"Fold3.Rep1"
"3322","NS(=O)(=O)C1=C(Cl)C=C(NCC2=CC=CO2)C(=C1)C(O)=O",95,71.5896042292023,"Fold3.Rep1"
"3356","CC1=CC=C(C=C1)S(=O)(=O)NC(=O)NN1CC2CCCC2C1",94,66.0764486736957,"Fold3.Rep1"
"347980","CC(C)[C@H](NC(=O)N(C)CC1=CSC(=N1)C(C)C)C(=O)N[C@H](C[C@H](O)[C@H](CC1=CC=CC=C1)NC(=O)OCC1=CN=CS1)CC1=CC=CC=C1",99,93.6805660506657,"Fold3.Rep1"
"3548","CCN(CC)CC(=O)NC1=C(C)C=CC=C1C",80,65.4976993529825,"Fold3.Rep1"
"35632","CC(N)C(=O)NC1=C(C)C=CC=C1C",10,48.0077785469683,"Fold3.Rep1"
"3568","CN(C)CCCN1C2=CC=CC=C2CCC2=CC=CC=C12",95,88.0806410580299,"Fold3.Rep1"
"3695","CN1CCC(CC1)=C1C2=C(SC=C2)C(=O)CC2=CC=CC=C12",75,87.4286894942064,"Fold3.Rep1"
"3890","COC(=O)NC1=NC2=C(N1)C=C(C=C2)C(=O)C1=CC=CC=C1",95,93.5220445997774,"Fold3.Rep1"
"390044","CN1C2=C([N-]C(Cl)=N2)C(=O)N(C)C1=O.C[NH+](C)CCOC(C1=CC=CC=C1)C1=CC=CC=C1",99,70.971955540613,"Fold3.Rep1"
"390096","CC[C@@H](N1CCCC1=O)C(N)=O",10,28.0905988386522,"Fold3.Rep1"
"393914","C[C@H](O)[C@H](C)[C@@H]1O[C@H]1C[C@H]1CO[C@@H](C\C(C)=C\C(=O)OCCCCCCCCC(O)=O)[C@H](O)[C@@H]1O",97,74.2147058462857,"Fold3.Rep1"
"39831","[H][C@]12SCC(CSC3=NN=NN3CCN(C)C)=C(N1C(=O)[C@H]2NC(=O)CC1=CSC(N)=N1)C(O)=O",40,64.0217369473582,"Fold3.Rep1"
"4024","CCN(CC)CCNC(=O)C1=CC(Cl)=C(N)C=C1OC",30,59.1179168680155,"Fold3.Rep1"
"4034","CC(N)COC1=C(C)C=CC=C1C",60,44.6723007751827,"Fold3.Rep1"
"4308","CC1=C2NC(=O)C3=C(N=CC=C3)N(C3CC3)C2=NC=C1",60,69.7833335353679,"Fold3.Rep1"
"43215","[H][C@]12OCC(CSC3=NN=NN3C)=C(N1C(=O)[C@]2(NC(=O)C(C(O)=O)C1=CC=C(O)C=C1)OC)C(O)=O",40,67.9334792960211,"Fold3.Rep1"
"4433","COC1=CC2=C(C=C1)N=C(N2)S(=O)CC1=NC=C(C)C(OC)=C1C",95,91.3751012866355,"Fold3.Rep1"
"4444553","CN1C(C(=O)NC2=NC=C(C)S2)=C(O)C2=C(C=CC=C2)S1(=O)=O",99.4,86.8979424973073,"Fold3.Rep1"
"4447634","N[C@@H](C(=O)N[C@H]1[C@H]2CCC(Cl)=C(N2C1=O)C(O)=O)C1=CC=CC=C1",25,54.5403132205137,"Fold3.Rep1"
"4447672","[H][C@@]12CO[C@@]3(COS(N)(=O)=O)OC(C)(C)O[C@@]3([H])[C@]1([H])OC(C)(C)O2",40,38.1597228298015,"Fold3.Rep1"
"4470600","[H][C@]12C[C@@]3([H])[C@H](N(C)C)C(O)=C(C(N)=O)C(=O)[C@@]3(O)C(O)=C1C(=O)C1=C([C@H]2O)C(Cl)=CC=C1O",50,75.8265921418394,"Fold3.Rep1"
"4473","CCN(CC)CC#CCOC(=O)C(O)(C1CCCCC1)C1=CC=CC=C1",92,81.8312026292328,"Fold3.Rep1"
"4486102","COC1=CC(NC2=C(C=NC3=CC(OCCCN4CCN(C)CC4)=C(OC)C=C23)C#N)=C(Cl)C=C1Cl",94,87.7374433155055,"Fold3.Rep1"
"4514729","NC(=O)CCCN\C(C1=CC=C(Cl)C=C1)=C1/C=C(F)C=CC1=O",95,84.3655875312781,"Fold3.Rep1"
"4514883","[H][C@@]12OC3=C(O)C=CC4=C3[C@@]11CC[N+](C)(CC3CC3)[C@]([H])(C4)[C@]1(O)CCC2=O",13,41.1651183155191,"Fold3.Rep1"
"4514885","[H][C@]12SCC(CSC3=NC(=O)C(=O)NN3C)=C(N1C(=O)[C@H]2NC(=O)C(=N/OC)\C1=CSC(N)=N1)C(O)=O",95,58.1261893249129,"Fold3.Rep1"
"4515036","CC(C)(C)NC(=O)[C@@H]1CN(CC2=CN=CC=C2)CCN1C[C@@H](O)C[C@@H](CC1=CC=CC=C1)C(=O)N[C@@H]1[C@H](O)CC2=CC=CC=C12",60,90.2848142582401,"Fold3.Rep1"
"4534998","CCOC(=O)[C@H](CCC1=CC=CC=C1)N[C@@H](C)C(=O)N1CCC[C@H]1C(O)=O",60,51.4647547164324,"Fold3.Rep1"
"4575384","CC(C)(C)S(=O)(=O)C[C@H](CC1=CC=CC=C1)C(=O)N[C@@H](CC1=CN=CN1)C(=O)N[C@H](CC1CCCCC1)[C@H](O)[C@H](O)C1CC1",83,84.0893789843145,"Fold3.Rep1"
"4586395","CO\N=C(/C(=O)N[C@@H]1C(=O)N2[C@]1([H])SCC(C[N+]1(C)CCCC1)=C2C([O-])=O)C1=CSC(N)=N1",20,50.448243222691,"Fold3.Rep1"
"45864","OC[C@@H]1CC[C@@H](O1)N1C=NC2=C1NC=NC2=O",5,25.7690827419591,"Fold3.Rep1"
"4587145","[O-]C(=O)C1=C(CS[C@]2([H])[C@H](NC(=O)C(=N/OC(C)(C)C(O)=O)\C3=CSC(N)=N3)C(=O)N12)C[N+]1=CC=CC=C1",10,64.2654918703327,"Fold3.Rep1"
"4724","COC1=C(OC)C=C2C(N)=NC(=NC2=C1)N1CCN(CC1)C(=O)C1=CC=CO1",97,68.1227611254194,"Fold3.Rep1"
"4737","CCCNC(C)C(=O)NC1=CC=CC=C1C",98,57.8281677313198,"Fold3.Rep1"
"4740","CCC1(C(=O)NCNC1=O)C1=CC=CC=C1",70,61.3990375018502,"Fold3.Rep1"
"4777","CC(C)NCC(O)COC1=CC=CC2=CC=CC=C12",90,78.9781811101131,"Fold3.Rep1"
"4777171","OC(=O)C1=CC(=CC=C1O)\N=N\C1=CC=C(O)C(=C1)C(O)=O",99,89.9975325482437,"Fold3.Rep1"
"4897171","O[C@H](C[C@H](O)\C=C\C1=C(N=C2C=CC=CC2=C1C1=CC=C(F)C=C1)C1CC1)CC(O)=O",99,92.9845483590842,"Fold3.Rep1"
"4916","CCCN(CCC)CCC1=C2CC(=O)NC2=CC=C1",40,70.6196321478364,"Fold3.Rep1"
"49179","[H][C@]12[C@H](C[C@@H](C)C=C1C=C[C@H](C)[C@@H]2CC[C@@H]1C[C@@H](O)CC(=O)O1)OC(=O)C(C)(C)CC",95,91.5004554207797,"Fold3.Rep1"
"4942363","COC1=C(C)C(C)=C(\C=C\C(\C)=C\C=C\C(\C)=C\C(O)=O)C(C)=C1",99.9,96.5046334716011,"Fold3.Rep1"
"4948999","CCCCCCOC(=O)N=C(N)C1=CC=C(NCC2=NC3=C(C=CC(=C3)C(=O)N(CCC(=O)OCC)C3=CC=CC=N3)N2C)C=C1",35,92.1837352301171,"Fold3.Rep1"
"4953153","CNC(=O)C1=CC=CC=C1SC2=CC3=C(C=C2)C(=NN3)/C=C/C4=CC=CC=N4",99,91.9439072897105,"Fold3.Rep1"
"49927","CCC(C)N1N=CN(C1=O)C1=CC=C(C=C1)N1CCN(CC1)C1=CC=C(OC[C@H]2CO[C@@](CN3C=NC=N3)(O2)C2=C(Cl)C=C(Cl)C=C2)C=C1",99.8,90.2771934351905,"Fold3.Rep1"
"5138","CC1=CC(NS(=O)(=O)C2=CC=C(N)C=C2)=NO1",70,68.3266570747981,"Fold3.Rep1"
"5149","O=C1C(CCS(=O)C2=CC=CC=C2)C(=O)N(N1C1=CC=CC=C1)C1=CC=CC=C1",99,90.8380408801183,"Fold3.Rep1"
"515264","CS(O)(=O)=O.[H][C@@]12CCCN1C(=O)[C@H](C)N1C(=O)[C@](NC(=O)[C@H]3CN(C)[C@]4([H])CC5=CNC6=CC=CC(=C56)[C@@]4([H])C3)(O[C@@]21O)C(C)C",99,60.265868465258,"Fold3.Rep1"
"5159","CC1=C(CC(O)=O)C2=CC(F)=CC=C2\C1=C/C1=CC=C(C=C1)S(C)=O",93,93.0805441622861,"Fold3.Rep1"
"5166","CC(C(O)=O)C1=CC=C(C=C1)C(=O)C1=CC=CS1",20,97.0086120991809,"Fold3.Rep1"
"5186","COC1=C2N(C=C(C(O)=O)C(=O)C2=CC(F)=C1N1CCNC(C)C1)C1CC1",20,55.068588034867,"Fold3.Rep1"
"5208","COC1=C(OC)C=C2C(N)=NC(=NC2=C1)N1CCN(CC1)C(=O)C1CCCO1",92,44.4291034270908,"Fold3.Rep1"
"5293751","CCC1=C(CC)C=C2CC(CC2=C1)NC[C@H](O)C1=C2C=CC(=O)NC2=C(O)C=C1",94,89.0357793950083,"Fold3.Rep1"
"5355","CC1=NN=C2N1C3=C(C=C(C=C3)Cl)C(=NC2)C4=CC=CC=C4Cl",90.1,87.25526513048,"Fold3.Rep1"
"5382","CC(CN(C)C)CN1C2=CC=CC=C2CCC2=CC=CC=C12",96,86.9049565624465,"Fold3.Rep1"
"5389","CC1=C(C)C2=C(CCC(C)(COC3=CC=C(CC4SC(=O)NC4=O)C=C3)O2)C(C)=C1O",99,96.069836879218,"Fold3.Rep1"
"53916","COC(=O)CCC1=CC=C(OCC(O)CNC(C)C)C=C1",55,26.3910271903764,"Fold3.Rep1"
"54632","[H][C@@](N1CCC2=C(C1)C=CS2)(C(=O)OC)C1=CC=CC=C1Cl",98,85.7388738953548,"Fold3.Rep1"
"54636","NC1=NC(=O)N(C[C@@H](CO)OCP(O)(O)=O)C=C1",6,24.3446579887187,"Fold3.Rep1"
"54661","CC1=C(SC=C1)C(=CCCN1CCC[C@H](C1)C(O)=O)C1=C(C)C=CS1",96,86.4698221343266,"Fold3.Rep1"
"54673","COCC(=O)O[C@]1(CCN(C)CCCC2=NC3=CC=CC=C3N2)CCC2=C(C=CC(F)=C2)[C@@H]1C(C)C",99,89.059432209845,"Fold3.Rep1"
"54753","NC1=NC(=O)N(C=C1)[C@@H]1O[C@H](CO)[C@@H](O)C1(F)F",10,27.6033539175765,"Fold3.Rep1"
"54771","CC(C)N(CC[C@H](C1=CC=CC=C1)C1=C(O)C=CC(C)=C1)C(C)C",96.3,89.181630216252,"Fold3.Rep1"
"54783","CC(C)(C)NC(=O)[C@@H]1CC2CCCCC2CN1C[C@@H](O)[C@H](CC1=CC=CC=C1)NC(=O)[C@H](CC(N)=O)NC(=O)C1=NC2=CC=CC=C2C=C1",98,85.3322847268573,"Fold3.Rep1"
"54803","CCC(=O)N(C1=CC=CC=C1)C1(CCN(CCC(=O)OC)CC1)C(=O)OC",70,61.0017601913096,"Fold3.Rep1"
"54844","CN(C)CCC1=CNC2=CC=C(C[C@H]3COC(=O)N3)C=C12",25,32.477812696347,"Fold3.Rep1"
"5517","CCN(C(C)=O)C1=CC=CC(=C1)C1=CC=NC2=C(C=NN12)C#N",60,76.5079163029732,"Fold3.Rep1"
"5530","CN(C)C(=O)CC1=C(N=C2C=CC(C)=CN12)C1=CC=C(C)C=C1",92,91.0851831051897,"Fold3.Rep1"
"5541","[H][C@@]12C[C@@H](C)[C@](O)(C(=O)CO)[C@@]1(C)C[C@H](O)[C@@]1(F)[C@@]2([H])CCC2=CC(=O)C=C[C@]12C",70,73.3656067404212,"Fold3.Rep1"
"5660","[H][C@@]12CCC(=O)[C@@]1(C)CC[C@]1([H])C3=C(CC[C@@]21[H])C=C(O)C=C3",95,82.5466601360022,"Fold3.Rep1"
"5758","[H][C@@]12N3CC[C@@]11C4=CC(=C(OC)C=C4N(C=O)[C@@]1([H])[C@](O)([C@H](OC(C)=O)[C@]2(CC)C=CC3)C(=O)OC)[C@]1(C[C@]2([H])CN(C[C@](O)(CC)C2)CCC2=C1NC1=CC=CC=C21)C(=O)OC",75,81.8669065046698,"Fold3.Rep1"
"57721","CC(C)[C@H](N)C(=O)OCC(CO)OCN1C=NC2=C1NC(N)=NC2=O",2,23.4363804922649,"Fold3.Rep1"
"5783","[H][C@]12CC3=C(C(O)=C(O)C=C3)C3=CC=CC(CCN1C)=C23",50,78.4269104485147,"Fold3.Rep1"
"580857","CC=C(C(=CC)C1=CC=C(O)C=C1)C1=CC=C(O)C=C1",65,85.861016847732,"Fold3.Rep1"
"5834","NCCS",52,36.2943162249359,"Fold3.Rep1"
"58540","CCOC(=O)C1=C[C@@H](OC(CC)CC)[C@H](NC(C)=O)[C@@H](N)C1",42,40.6950136563814,"Fold3.Rep1"
"5959","ClCCN(CCCl)C1=CNC(=O)NC1=O",5,45.8716184296811,"Fold3.Rep1"
"61881","CN[C@H]1CC[C@@H](C2=CC(Cl)=C(Cl)C=C2)C2=CC=CC=C12",98,90.3912473012387,"Fold3.Rep1"
"6578","CN1C(=O)CC(C1=O)C1=CC=CC=C1",21,50.8284360831222,"Fold3.Rep1"
"74139","CC1=CC2=C(C=C1C(=C)C1=CC=C(C=C1)C(O)=O)C(C)(C)CCC2(C)C",99,94.7348778832973,"Fold3.Rep1"
"7455","NCCC1=CC=NN1",99,18.5321294668487,"Fold3.Rep1"
"82418","CCOC(=O)[C@H](CCC1=CC=CC=C1)N[C@@H](C)C(=O)N1CC2=CC(OC)=C(OC)C=C2C[C@H]1C(O)=O",50,85.3580694985814,"Fold3.Rep1"
"8499830","[H][C@]12CN([C@H](C(=O)NC(CC3CCC3)C(=O)C(N)=O)[C@@]1([H])C2(C)C)C(=O)[C@@H](NC(=O)NC(C)(C)C)C(C)(C)C",75,75.9955059925736,"Fold3.Rep1"
"9881833","CN1C(=O)C(C)=C2N(C(=O)N(C3CC3)C(=O)C2=C1NC1=CC=C(I)C=C1F)C1=CC(NC(C)=O)=CC=C1",97.4,92.7371507834646,"Fold3.Rep1"
"Cefaclor","[H][C@]12SCC(Cl)=C(N1C(=O)[C@H]2NC(=O)[C@H](N)C1=CC=CC=C1)C(O)=O",23.5,59.7285314308377,"Fold3.Rep1"
"10128588","OC(=O)\C=C/C(O)=O.CN1CC2C(C1)C1=C(OC3=CC=CC=C23)C=CC(Cl)=C1",95,84.0642498315699,"Fold4.Rep1"
"1017","NC(=O)C1=NC=CN=C1",10,24.133910904862,"Fold4.Rep1"
"10203511","[H][C@@]12CC[C@@]3(CCC(=O)O3)[C@@]1(C)C[C@H]1O[C@@]11[C@@]2([H])[C@@H](CC2=CC(=O)CC[C@]12C)C(=O)OC",50,71.3399993187356,"Fold4.Rep1"
"10455","C[N+](C)(C)C[C@H](O)CC([O-])=O",0,33.7692571411678,"Fold4.Rep1"
"110209","CC1=NC=C(C=C1)C1=C(C=C(Cl)C=N1)C1=CC=C(C=C1)S(C)(=O)=O",92,91.3031310604503,"Fold4.Rep1"
"116245","CC(C)CN(C[C@@H](OP(O)(O)=O)[C@H](CC1=CC=CC=C1)NC(=O)O[C@H]1CCOC1)S(=O)(=O)C1=CC=C(N)C=C1",90,74.7512960630613,"Fold4.Rep1"
"12574","CC(C)(C)C(=O)OCC(=O)C1CCC2C3CCC4=CC(=O)CCC4(C)C3CCC12C",90,87.7018653503089,"Fold4.Rep1"
"1265982","CC(C)N1C(\C=C\[C@H](O)C[C@H](O)CC(O)=O)=C(C2=CC=C(F)C=C2)C2=CC=CC=C12",98,93.1301645098569,"Fold4.Rep1"
"130578","NC1=NC2=NC=C(CC(CC#C)C3=CC=C(C=C3)C(=O)N[C@@H](CCC(O)=O)C(O)=O)N=C2C(N)=N1",72,59.0935654184008,"Fold4.Rep1"
"133236","CC1=CC(CC(O)=O)=C(NC2=C(F)C=CC=C2Cl)C=C1",98,93.030730888167,"Fold4.Rep1"
"153165","CCCN1CCCC[C@H]1C(=O)NC1=C(C)C=CC=C1C",94,84.5276205811088,"Fold4.Rep1"
"154044","COCCOC1=C(OCCOC)C=C2C(NC3=CC=CC(=C3)C#C)=NC=NC2=C1",93,88.0780238842969,"Fold4.Rep1"
"1664","NC1=CC=NC=C1",2,40.303617988718,"Fold4.Rep1"
"180996","CCCCN(CCCC)CCCOC1=CC=C(C=C1)C(=O)C1=C(CCCC)OC2=C1C=C(NS(C)(=O)=O)C=C2",98,82.767223524532,"Fold4.Rep1"
"2075","CN(C)CCC=C1C2=CC=CC=C2CCC2=CC=CC=C12",95,89.5372792968483,"Fold4.Rep1"
"2085","ClC1=CC2=C(OC3=CC=CC=C3N=C2N2CCNCC2)C=C1",90,86.2495663990945,"Fold4.Rep1"
"21167997","[H][C@]12SCC(CSC3=NN=NN3C)=C(N1C(=O)[C@]2(NC(=O)C1SC(S1)=C(C(N)=O)C(O)=O)OC)C(O)=O",88,60.8012838949513,"Fold4.Rep1"
"2157","CC(=O)OC1=CC=CC=C1C(O)=O",99.5,63.0598409831719,"Fold4.Rep1"
"2197","NCC(CC(O)=O)C1=CC=C(Cl)C=C1",30,53.4466196001838,"Fold4.Rep1"
"2225","NS(=O)(=O)C1=CC2=C(NC(CC3=CC=CC=C3)NS2(=O)=O)C=C1C(F)(F)F",96,87.4025315107601,"Fold4.Rep1"
"22498","NC1=NC(=O)N(C=C1)[C@H]1CC[C@@H](CO)O1",4,8.34530111071397,"Fold4.Rep1"
"2272523","CN\C(NCCSCC1=CC=C(CN(C)C)O1)=C/[N+]([O-])=O",15,50.2718832081239,"Fold4.Rep1"
"2347","BrC1=CC2=C(NC(=O)CN=C2C2=CC=CC=N2)C=C1",70,77.2883345937375,"Fold4.Rep1"
"2457","NC(=O)N1C2=CC=CC=C2C=CC2=CC=CC=C12",76,75.6689342727051,"Fold4.Rep1"
"25453","[H][C@@]12C[C@@H]([C@H](OC(C)=O)[C@@]1(C)CC[C@@]1([H])[C@@]2([H])CC[C@@]2([H])C[C@H](OC(C)=O)[C@H](C[C@]12C)[N+]1(C)CCCCC1)[N+]1(C)CCCCC1",84,80.8592986127252,"Fold4.Rep1"
"2647","CC1=CC(=O)N(O)C(=C1)C1CCCCC1",96,45.315949102177,"Fold4.Rep1"
"2667","CO[C@H]1CN(CCCOC2=CC=C(F)C=C2)CC[C@H]1NC(=O)C1=CC(Cl)=C(N)C=C1OC",97.5,87.0058235877423,"Fold4.Rep1"
"2669","CN(C)CCCC1(OCC2=C1C=CC(=C2)C#N)C1=CC=C(F)C=C1",80,76.7690084524318,"Fold4.Rep1"
"2687","CN1C2=C(C=C(Cl)C=C2)N(C2=CC=CC=C2)C(=O)CC1=O",90,86.5222078010549,"Fold4.Rep1"
"2700","[O-][N+](=O)C1=CC2=C(NC(=O)CN=C2C2=CC=CC=C2Cl)C=C1",85,89.3932082174742,"Fold4.Rep1"
"2701","ClC1=CC=CC(Cl)=C1NC1=NCCN1",40,71.6301711216654,"Fold4.Rep1"
"2709","CCC1=CC2=C(S1)N(C)C(=O)CN=C2C1=CC=CC=C1Cl",99,85.7467675037724,"Fold4.Rep1"
"2849","NC1=CC=C(C=C1)S(=O)(=O)C1=CC=C(N)C=C1",90,68.3827020788368,"Fold4.Rep1"
"28858","[H][C@@]12CCCN1C(=O)[C@H](CC(C)C)N1C(=O)[C@](NC(=O)[C@H]3CN(C)[C@]4([H])CC5=C(Br)NC6=CC=CC(=C56)C4=C3)(O[C@@]21O)C(C)C",93,83.2562743215149,"Fold4.Rep1"
"2930","NS(=O)(=O)C1=CC(=C(Cl)C(Cl)=C1)S(N)(=O)=O",55,65.6251366992222,"Fold4.Rep1"
"2992","CN1CCC(CC1)OC(C1=CC=CC=C1)C1=CC=CC=C1",99,86.4862318954396,"Fold4.Rep1"
"3009","CCCC(CCC)C(O)=O",90,40.9265455995347,"Fold4.Rep1"
"30971","C[C@H](NCCC1=CC=C(O)C=C1)[C@H](O)C1=CC=C(O)C=C1",56,58.1572964062616,"Fold4.Rep1"
"3146","ClC1=CC2=C(C=C1)N1C=NN=C1CN=C2C1=CC=CC=C1",93,83.9801927031629,"Fold4.Rep1"
"3164","CC[C@@H](CO)NCCN[C@@H](CC)CO",30,23.9498891937882,"Fold4.Rep1"
"3248","OC(CN1C=NC=N1)(CN1C=NC=N1)C1=C(F)C=C(F)C=C1",12,48.8972723223253,"Fold4.Rep1"
"3249","NC1=C(F)C=NC(=O)N1",30,24.0155656084932,"Fold4.Rep1"
"3277","CC(C(O)=O)C1=CC(F)=C(C=C1)C1=CC=CC=C1",99,86.0598622020951,"Fold4.Rep1"
"3287","COCCCCC(=NOCCN)C1=CC=C(C=C1)C(F)(F)F",80,75.7235886688378,"Fold4.Rep1"
"33510","[H][C@]12COC(=O)[C@]1([H])[C@H](C1=CC(OC)=C(O)C(OC)=C1)C1=CC3=C(OCO3)C=C1[C@H]2O[C@@H]1O[C@]2([H])CO[C@@H](C)O[C@@]2([H])[C@H](O)[C@H]1O",97,68.2380400121645,"Fold4.Rep1"
"3357","CCC1=C(C)CN(C(=O)NCCC2=CC=C(C=C2)S(=O)(=O)NC(=O)NC2CCC(C)CC2)C1=O",99.5,90.5250382152053,"Fold4.Rep1"
"3521","NS(=O)(=O)C1=CC2=C(NCNS2(=O)=O)C=C1C(F)(F)F",74,56.0740299239841,"Fold4.Rep1"
"35815","CC(C)(C)NCC(O)COC1=CC=CC2=C1C[C@H](O)[C@H](O)C2",30,42.5361557438486,"Fold4.Rep1"
"3734","CC(CCC1=CC=CC=C1)NCC(O)C1=CC(C(N)=O)=C(O)C=C1",50,73.4311742814823,"Fold4.Rep1"
"37756","[H][C@]12SCC(COC(N)=O)=C(N1C(=O)[C@H]2NC(=O)C(=N/OC)\C1=CC=CO1)C(O)=O",50,49.7510531108591,"Fold4.Rep1"
"38088","CCCCC(=O)OCC(=O)[C@@]1(O)C[C@H](OC2CC(NC(=O)C(F)(F)F)C(O)C(C)O2)C2=C(C1)C(O)=C1C(=O)C3=C(C(=O)C1=C2O)C(OC)=CC=C3",99,81.348940301866,"Fold4.Rep1"
"3892","CNC1(C)C2CCC(C2)C1(C)C",40,44.6515547904432,"Fold4.Rep1"
"389405","N[C@@H](CN1C=CC(=O)C(O)=C1)C(O)=O",99.5,20.6433408336416,"Fold4.Rep1"
"390053","[H][C@@]12C[C@@H]([C@H](OC(C)=O)[C@@]1(C)CC[C@@]1([H])[C@@]2([H])CC[C@@]2([H])C[C@H](O)[C@H](C[C@]12C)N1CCOCC1)[N+]1(CC=C)CCCC1",30,78.7336589940363,"Fold4.Rep1"
"391964","Cl.CCOC(=O)[C@H](CCC1=CC=CC=C1)N[C@H]1CS[C@@H](CN(CC(O)=O)C1=O)C1=CC=CS1",99.5,76.7072221476626,"Fold4.Rep1"
"392060","CC[C@H]1OC(=O)[C@H](C)[C@@H](O[C@H]2C[C@@](C)(OC)[C@@H](O)[C@H](C)O2)[C@H](C)[C@@H](O[C@@H]2O[C@H](C)C[C@@H]([C@H]2O)N(C)C)[C@](C)(O)C[C@@H](C)C(=NOCOCCOC)[C@H](C)[C@@H](O)[C@]1(C)O",96,63.65973782992,"Fold4.Rep1"
"3958","CN1N=C(S\C1=N/C(C)=O)S(N)(=O)=O",55,48.0780572016619,"Fold4.Rep1"
"401748","[H][C@]12SCC(CSC3=NN=NN3C)=C(N1C(=O)[C@H]2NC(=O)[C@H](O)C1=CC=CC=C1)C(O)=O",75,72.401235901101,"Fold4.Rep1"
"4026","CC1NC2=CC(Cl)=C(C=C2C(=O)N1C1=CC=CC=C1C)S(N)(=O)=O",70,80.9718759343573,"Fold4.Rep1"
"4027","COCCC1=CC=C(OCC(O)CNC(C)C)C=C1",12,38.6091820829447,"Fold4.Rep1"
"4047","CC1=NC=C2CN=C(C3=CC=CC=C3F)C3=C(C=CC(Cl)=C3)N12",97,87.1927636441291,"Fold4.Rep1"
"4087","ClC1=CC=C(C=C1)C(=O)NCCN1CCOCC1",50,36.9510488413006,"Fold4.Rep1"
"4319","COC(=O)C1=C(C)NC(C)=C(C1C1=CC(=CC=C1)[N+]([O-])=O)C(=O)OCCN(C)CC1=CC=CC=C1",95,90.5209313439793,"Fold4.Rep1"
"4343","COC(=O)C1=C(C)NC(C)=C(C1C1=CC=CC=C1[N+]([O-])=O)C(=O)OCC(C)C",99,95.4700944386803,"Fold4.Rep1"
"4351","CCOC(=O)C1=C(C)NC(C)=C(C1C1=CC(=CC=C1)[N+]([O-])=O)C(=O)OC",99,90.0952793826829,"Fold4.Rep1"
"4380","CCN1C=C(C(O)=O)C(=O)C2=CC(F)=C(C=C12)N1CCNCC1",13,39.127518541922,"Fold4.Rep1"
"4444353","CC(C)CCC[C@@H](C)[C@@]1([H])CC[C@@]2([H])\C(CCC[C@]12C)=C\C=C1\C[C@@H](O)CCC1=C",65,88.7328231168402,"Fold4.Rep1"
"4444513","CN(C)[C@H]1[C@@H]2[C@@H](O)[C@@H]3C(=C)C4=C(C(O)=CC=C4)C(=O)C3=C(O)[C@]2(O)C(=O)C(C(N)=O)C1=O",77,66.880362357087,"Fold4.Rep1"
"4471557","C[C@H](CC1=CC2=C(N(CCCO)CC2)C(=C1)C(N)=O)NCCOC1=CC=CC=C1OCC(F)(F)F",97,86.3618329277645,"Fold4.Rep1"
"4486264","CCN(CC)CCNC(=O)C1=C(C)NC(\C=C2/C(=O)NC3=C2C=C(F)C=C3)=C1C",95,89.6110999887109,"Fold4.Rep1"
"4510228","[O-][N+](=O)C1=CC=C(O1)\C=N/N1CC(=O)NC1=O",60,41.8645825585035,"Fold4.Rep1"
"4514933","NCCCC[C@H](N[C@@H](CCC1=CC=CC=C1)C(O)=O)C(=O)N1CCC[C@H]1C(O)=O",0,44.9168684325809,"Fold4.Rep1"
"4534966","COC1=NC2=C(C=C(Br)C=C2)C=C1[C@@H](C1=CC=CC=C1)[C@@](O)(CCN(C)C)C1=CC=CC2=C1C=CC=C2",99.9,91.0091035394626,"Fold4.Rep1"
"4561","NC1=NC(=O)C(O1)C1=CC=CC=C1",50,42.8485872107604,"Fold4.Rep1"
"4576478","O=C(O)[C@@H](N[C@@H]2C(=O)N(c1ccccc1CC2)CC(=O)O)CCc3ccccc3",95,82.9554134504563,"Fold4.Rep1"
"4589156","CC(C)C[C@H](CN)CC(O)=O",0,29.2389619880418,"Fold4.Rep1"
"4599","CCC1(C(=O)NC(=O)NC1=O)C1=CC=CC=C1",33,68.917515787818,"Fold4.Rep1"
"46291","CCN1C=C(C(O)=O)C(=O)C2=CC(F)=C(C=C12)N1CCN(C)CC1",30,47.5115931672978,"Fold4.Rep1"
"4662","CC(C)NCC(O)COC1=CC=CC2=C1C=CN2",40,33.7375693659991,"Fold4.Rep1"
"4742","CCCN(CCC)S(=O)(=O)C1=CC=C(C=C1)C(O)=O",85,60.0268361524208,"Fold4.Rep1"
"4748","CN1CCN(CCCN2C3=CC=CC=C3SC3=C2C=C(Cl)C=C3)CC1",99,84.6126880646991,"Fold4.Rep1"
"4758","CC(CN1C2=CC=CC=C2SC2=CC=CC=C12)N(C)C",93,87.2415830544586,"Fold4.Rep1"
"4763","CCCNCC(O)COC1=CC=CC=C1C(=O)CCC1=CC=CC=C1",97,80.8574107184246,"Fold4.Rep1"
"4883445","CO[C@H]1\C=C\O[C@@]2(C)OC3=C(C2=O)C2=C(C(O)=C3C)C(=O)C(NC(=O)\C(C)=C/C=C/[C@H](C)[C@H](O)[C@@H](C)[C@@H](O)[C@@H](C)[C@H](OC(C)=O)[C@@H]1C)=C1NC3(CCN(CC3)CC(C)C)N=C21",85,82.4767698730799,"Fold4.Rep1"
"4911","CS(=O)(=O)C1=CC=C(C=C1)C1=C(C(=O)OC1)C1=CC=CC=C1",87,91.0766594377017,"Fold4.Rep1"
"4947911","CC#CCC(C)C(O)\C=C\C1C(O)CC2C\C(CC12)=C\CCCC(=O)OCC(=O)C1=CC=CC=C1",60,90.9872001828252,"Fold4.Rep1"
"5021","CC(C)CC(N(C)C)C1(CCC1)C1=CC=C(Cl)C=C1",97,70.7125275674708,"Fold4.Rep1"
"5055","OC(CC1=CN=CC=C1)(P(O)(O)=O)P(O)(O)=O",24,59.3759189752498,"Fold4.Rep1"
"5253","CSC1=CC2=C(SC3=CC=CC=C3N2CCC2CCCCN2C)C=C1",95,75.0833358971772,"Fold4.Rep1"
"5287","ClC1=C(NC2=NCCN2)C2=NSN=C2C=C1",30,69.6377145795024,"Fold4.Rep1"
"5291705","[H][C@]12SCC(C=C)=C(N1C(=O)[C@H]2NC(=O)C(=N/O)\C1=CSC(N)=N1)C(O)=O",70,46.4505105768084,"Fold4.Rep1"
"5332","ClC1=CC=CC(=C1)N1CCN(CCCN2N=C3C=CC=CN3C2=O)CC1",95,75.0520128692922,"Fold4.Rep1"
"5337","CC(C=CC1=C(C)CCCC1(C)C)=CC=CC(C)=CC(O)=O",95,91.6322236621221,"Fold4.Rep1"
"54278","[H][C@@]12CCC(=O)[C@@]1(C)CC[C@@]1([H])[C@@]2([H])CC(=C)C2=CC(=O)C=C[C@]12C",90,81.441411844274,"Fold4.Rep1"
"54705","CC[C@@]1(O)C(=O)OCC2=C1C=C1N(CC3=CC4=C(C=CC(O)=C4CN(C)C)N=C13)C2=O",35,75.6486877947923,"Fold4.Rep1"
"54790","ClC1=CC=CC(N2CCN(CCCCOC3=CC4=C(CCC(=O)N4)C=C3)CC2)=C1Cl",99,88.4852028839802,"Fold4.Rep1"
"54812","NC1=NC(=O)N(C=C1)[C@@H]1CS[C@H](CO)O1",36,15.0156676311995,"Fold4.Rep1"
"54825","CCC1=C2CN3C(=CC4=C(COC(=O)[C@]4(O)CC)C3=O)C2=NC2=C1C=C(OC(=O)N1CCC(CC1)N1CCCCC1)C=C2",68,82.1623294589758,"Fold4.Rep1"
"54833","CCCCC(=O)N(CC1=CC=C(C=C1)C1=CC=CC=C1C1=NNN=N1)[C@@H](C(C)C)C(O)=O",96,90.2374418444261,"Fold4.Rep1"
"54842","[H][C@]1(OC(=C[C@H](N=C(N)N)[C@H]1NC(C)=O)C(O)=O)[C@H](O)[C@H](O)CO",9,29.2995255314171,"Fold4.Rep1"
"54859","NC1=NC(=O)N(C=C1F)[C@@H]1CS[C@H](CO)O1",4,18.467461971826,"Fold4.Rep1"
"5515","COC1=C(CC2=CN(C)C3=C2C=C(NC(=O)OC2CCCC2)C=C3)C=CC(=C1)C(=O)NS(=O)(=O)C1=CC=CC=C1C",99,96.1155237388661,"Fold4.Rep1"
"570892","[H][C@@]1(O[C@]([H])([C@H](NC(=O)C2C[C@@H](CCC)CN2C)[C@@H](C)O)[C@H](O)[C@H](O)[C@H]1O)SC",75,48.8368415923652,"Fold4.Rep1"
"57715","FC(F)(F)[C@]1(OC(=O)NC2=C1C=C(Cl)C=C2)C#CC1CC1",99.75,89.5091941934894,"Fold4.Rep1"
"5773","[H][C@@]12CC[C@H](C(C)=O)[C@@]1(C)CC[C@@]1([H])[C@@]2([H])CCC2=CC(=O)CC[C@]12C",99,74.89861633554,"Fold4.Rep1"
"580858","[H]C(CCN(C)C)=C1C2=CC=CC=C2COC2=CC=CC=C12",80,90.6297427606805,"Fold4.Rep1"
"5815","NC1=NC(=O)C2=NC(CNC3=CC=C(C=C3)C(=O)N[C@@H](CCC(O)=O)C(O)=O)=CN=C2N1",70,58.0712910785445,"Fold4.Rep1"
"58531","C(N1CCCNCCNCCCNCC1)C1=CC=C(CN2CCCNCCNCCCNCC2)C=C1",58,40.4612908658801,"Fold4.Rep1"
"58539","CCC[C@@]1(CCC2=CC=CC=C2)CC(=O)C([C@H](CC)C2=CC(NS(=O)(=O)C3=NC=C(C=C3)C(F)(F)F)=CC=C2)=C(O)O1",99.9,91.09636954789,"Fold4.Rep1"
"5873","[H][C@]12SC(C)(C)[C@@H](N1C(=O)[C@H]2NC(=O)C1=C(C)ON=C1C1=CC=CC=C1Cl)C(O)=O",95,83.6799587241608,"Fold4.Rep1"
"59391","CCCC1=NC2=C(C=C(C=C2C)C2=NC3=CC=CC=C3N2C)N1CC1=CC=C(C=C1)C1=CC=CC=C1C(O)=O",99.51,93.6932311207574,"Fold4.Rep1"
"5994","[H][C@@]12CC[C@@](O)(C#C)[C@@]1(C)CC[C@]1([H])[C@@]3([H])CCC(=O)C=C3CC[C@@]21[H]",97,71.9827025423459,"Fold4.Rep1"
"6017","NC1=NC(=O)N(C=C1)[C@@H]1O[C@H](CO)[C@@H](O)[C@@H]1O",13,12.9107464542873,"Fold4.Rep1"
"64421","OC(CNCC(O)C1CCC2=C(O1)C=CC(F)=C2)C1CCC2=C(O1)C=CC(F)=C2",98,85.1796188637023,"Fold4.Rep1"
"64435","CN(CCOC1=CC=C(NS(C)(=O)=O)C=C1)CCC1=CC=C(NS(C)(=O)=O)C=C1",70,81.2821207245929,"Fold4.Rep1"
"6501","CC1=C(C)C=C2N(C[C@H](O)[C@H](O)[C@H](O)CO)C3=NC(=O)NC(=O)C3=NC2=C1",60,46.1844941990535,"Fold4.Rep1"
"70377","CCN(C)C(=O)OC1=CC=CC(=C1)[C@H](C)N(C)C",40,61.0584319372016,"Fold4.Rep1"
"70378","CN[C@@H]1CCC2=C(C1)C1=C(N2)C=CC(=C1)C(N)=O",15,50.0354612731687,"Fold4.Rep1"
"74144","[H][C@@]12C[C@@]3([H])[C@]4([H])C[C@H](F)C5=CC(=O)C=C[C@]5(C)[C@@]4([H])[C@@H](O)C[C@]3(C)[C@@]1(OC(C)(C)O2)C(=O)CO",40,72.2184883199655,"Fold4.Rep1"
"75707","CC1O[C@@]2(CS1)CN1CCC2CC1",20,24.7416621265863,"Fold4.Rep1"
"7843323","COC1=CC2=C(NC(=N2)[S@](=O)CC2=NC=C(C)C(OC)=C2C)C=C1",97,91.6114090419239,"Fold4.Rep1"
"7972","CCC1(C(=O)NC(=O)N(C)C1=O)C1=CC=CC=C1",76,64.2434807575628,"Fold4.Rep1"
"8028692","[H][C@]12SCC(SC3=NC(=CS3)C3=CC=[N+](C)C=C3)=C(N1C(=O)[C@H]2NC(=O)C(=N\OCC)\C1=NSC(NP(O)(O)=O)=N1)C([O-])=O",20,75.1128613130653,"Fold4.Rep1"
"8029779","[H][C@@](O)([C@@H](NC(=O)OC(C)(C)C)C1=CC=CC=C1)C(=O)O[C@@]1([H])C[C@@]2(O)[C@@]([H])(OC(=O)C3=CC=CC=C3)[C@]3([H])[C@@]4(CO[C@]4([H])C[C@]([H])(OC)[C@@]3(C)C(=O)[C@]([H])(OC)C(=C1C)C2(C)C)OC(C)=O",82,90.5925609010989,"Fold4.Rep1"
"8045620","COC1=C(Cl)C=C(CNC2=C(C=NC(=N2)N2CCC[C@H]2CO)C(=O)NCC2=NC=CC=N2)C=C1",99,76.0072444872931,"Fold4.Rep1"
"8047109","CCCSC1=NC2=C(N=NN2[C@@H]2C[C@H](OCCO)[C@@H](O)[C@H]2O)C(N[C@@H]2C[C@H]2C2=CC(F)=C(F)C=C2)=N1",99,76.7968046036503,"Fold4.Rep1"
"8075","NC[C@@H]1O[C@H](O[C@@H]2[C@@H](CO)O[C@@H](O[C@@H]3[C@@H](O)[C@H](N)C[C@H](N)[C@H]3O[C@H]3O[C@H](CN)[C@@H](O)[C@H](O)[C@H]3N)[C@@H]2O)[C@H](N)[C@@H](O)[C@@H]1O",30,32.1184280313042,"Fold4.Rep1"
"8100130","N#Cc4ccccc4C\2=C\C(=C/N(c1ccccc1)C/2=O)c3ncccc3",96,85.8785212646544,"Fold4.Rep1"
"8354210","N[C@@H]1CCCCN(C1)C1=C(F)C=C2C(=O)C(=CN(C3CC3)C2=C1Cl)C(O)=O",40,62.7908869646134,"Fold4.Rep1"
"839530","CN1CCN(CC1)C(=O)O[C@@H]1N(C(=O)C2=NC=CN=C12)C1=NC=C(Cl)C=C1",59,57.3212705353498,"Fold4.Rep1"
"9190","COCCOC1=CN=C(NS(=O)(=O)C2=CC=CC=C2)N=C1",90,69.1435513613406,"Fold4.Rep1"
"96956","[H][C@]12C[C@H](N(C(=O)[C@H](C)N[C@@H](CCC)C(=O)OCC)[C@@]1([H])CCCC2)C(O)=O",20,55.0715072911157,"Fold4.Rep1"
"97231","CC1(C)CCC(C)(C)C2=C1C=CC(NC(=O)C1=CC=C(C=C1)C(O)=O)=C2",99,91.846942615783,"Fold4.Rep1"
"9731489","CC(C)C[C@H](NC(=O)[C@H](CCC1=CC=CC=C1)NC(=O)CN1CCOCC1)C(=O)N[C@@H](CC1=CC=CC=C1)C(=O)N[C@@H](CC(C)C)C(=O)[C@@]1(C)CO1",97,83.7811047606688,"Fold4.Rep1"
"Colchicine","COC1=CC2=C(C(OC)=C1OC)C1=CC=C(OC)C(=O)C=C1C(CC2)NC(C)=O",40,82.1861534262009,"Fold4.Rep1"
"10091","[H][C@@]12CCCN1C(=O)[C@H](CC1=CC=CC=C1)N1C(=O)[C@](C)(NC(=O)[C@H]3CN(C)[C@]4([H])CC5=CNC6=CC=CC(=C56)[C@@]4([H])C3)O[C@@]21O",93,83.233274545446,"Fold5.Rep1"
"10185","[H][C@@]12CC[C@](O)(C(C)=O)[C@@]1(C)CC[C@@]1([H])[C@@]2([H])C[C@H](C)C2=CC(=O)CC[C@]12C",90,83.288561395261,"Fold5.Rep1"
"10189562","[H][C@@]1(OC(=O)C(O)=C1O)[C@@H](O)CO",25,28.1582918297736,"Fold5.Rep1"
"10443441","CC(=O)CC(C1=CC=C(C=C1)[N+]([O-])=O)C1=C(O)C2=CC=CC=C2OC1=O",98.7,93.6787661974652,"Fold5.Rep1"
"10482089","[H][C@]12O[C@](O)([C@H](C)C[C@@H]1OC)C(=O)C(=O)N1CCCC[C@@]1([H])C(=O)O[C@@H]([C@@H](C)[C@@H](O)CC(=O)[C@H](CC)\C=C(C)/C[C@H](C)C[C@@H]2OC)C(\C)=C\[C@@H]1CC[C@H](Cl)[C@@H](C1)OC",87,86.2963819695239,"Fold5.Rep1"
"10533326","CC(=O)CC(C1=CC=CC=C1)C1=C(O)C2=C(OC1=O)C=CC=C2",99,92.8118852881874,"Fold5.Rep1"
"108740","CCOC(=O)NC1=C(N)C=C(NCC2=CC=C(F)C=C2)C=C1",80,85.283304648708,"Fold5.Rep1"
"110198","CN(C)CCC1=CNC2=C1C=C(CS(=O)(=O)N1CCCC1)C=C2",35,45.8955570269325,"Fold5.Rep1"
"110217","COC1=C(OCCCN2CCOCC2)C=C2C(NC3=CC(Cl)=C(F)C=C3)=NC=NC2=C1",90,92.2362977808224,"Fold5.Rep1"
"112728","CN(CC1=CN=C2N=C(N)N=C(N)C2=N1)C1=CC=C(C=C1)C(=O)N[C@@H](CCC(O)=O)C(O)=O",50,64.3154826395194,"Fold5.Rep1"
"115748","CCCC1=NC(=C(N1CC1=CC=C(C=C1)C1=C(C=CC=C1)C1=NN=NN1)C(O)=O)C(C)(C)O",99,95.9853857563511,"Fold5.Rep1"
"133239","CC1=NC2=C(CCN(C(=O)C3=CC=C(NC(=O)C4=CC=CC=C4C4=CC=CC=C4)C=C3)C3=CC=CC=C23)N1",99,89.3712219937382,"Fold5.Rep1"
"134807","C[C@@H]1CCN([C@H](C1)C(O)=O)C(=O)[C@H](CCCN=C(N)N)NS(=O)(=O)C1=CC=CC2=C1NC[C@H](C)C2",54,57.1747114051428,"Fold5.Rep1"
"137743","C[C@@H](NCCCC1=CC(=CC=C1)C(F)(F)F)C1=CC=CC2=CC=CC=C12",95,89.068563903571,"Fold5.Rep1"
"13852819","CC(N)CC1=CC=CC=C1",28,49.2255297368218,"Fold5.Rep1"
"14201635","CN1CCC(CC1)=C1C2=NC=C(C=O)N2CCC2=CC=CC=C12",39,74.912824569081,"Fold5.Rep1"
"15968","OC1=CC2=C(C=C1)C1(OC(=O)C3=CC=CC=C13)C1=C(O2)C=C(O)C=C1",85,83.49639226847,"Fold5.Rep1"
"1613","CCCN1C2=C(NC=N2)C(=O)NC1=O",49,23.5611437800489,"Fold5.Rep1"
"16736105","NCC[C@H](O)C(=O)N[C@@H]1C[C@H](N)[C@@H](O[C@H]2O[C@H](CN)CC[C@H]2N)[C@H](O)[C@H]1O[C@H]1O[C@H](CO)[C@@H](O)[C@H](N)[C@H]1O",8,39.4459016203518,"Fold5.Rep1"
"16736212","[H][C@@]12CCCC[C@@]11CCN(C)[C@@H]2CC2=C1C=C(O)C=C2",40,59.8257050310238,"Fold5.Rep1"
"187436","CC1=NOC(NS(=O)(=O)C2=C(SC=C2)C(=O)CC2=CC3=C(OCO3)C=C2C)=C1Cl",99,91.8521111545225,"Fold5.Rep1"
"19599","[H][C@]12SC(C)(C)[C@@H](N1C(=O)[C@H]2NC(=O)C(C(O)=O)C1=CC=CC=C1)C(O)=O",60,51.6473853217582,"Fold5.Rep1"
"2068","CN1C2=C(NC=N2)C(=O)N(C)C1=O",40,30.1175185470271,"Fold5.Rep1"
"2130","NC1=CC(Cl)=C(NC2=NCCN2)C(Cl)=C1",98.7,45.644518647129,"Fold5.Rep1"
"2289","OC(CCN1CCCCC1)(C1CC2CC1C=C2)C1=CC=CC=C1",60,66.9740831985466,"Fold5.Rep1"
"2298564","CCCCCCCCCCC[C@@H](C[C@@H]1OC(=O)[C@H]1CCCCCC)OC(=O)[C@H](CC(C)C)NC=O",99,73.2931790861094,"Fold5.Rep1"
"2302061","CC(C)C1=CC=CC(C(C)C)=C1OCOP(O)(O)=O",98,83.3382826784415,"Fold5.Rep1"
"232","CCN(CC)CCCC(C)NC1=C2C=C(OC)C=CC2=NC2=C1C=CC(Cl)=C2",85,90.2318400456281,"Fold5.Rep1"
"2478","CCCC(C)(COC(N)=O)COC(=O)NC(C)C",60,62.787663292389,"Fold5.Rep1"
"2480","ClCCNC(=O)N(CCCl)N=O",80,33.2230654185536,"Fold5.Rep1"
"2577","OC(=O)COCCN1CCN(CC1)C(C1=CC=CC=C1)C1=CC=C(Cl)C=C1",93,87.9402666917449,"Fold5.Rep1"
"2618","CCN(CC)CCCC(C)NC1=C2C=CC(Cl)=CC2=NC=C1",55,80.4173686950057,"Fold5.Rep1"
"2631","NS(=O)(=O)C1=C(Cl)C=CC(=C1)C1(O)NC(=O)C2=CC=CC=C12",75,64.9684841973545,"Fold5.Rep1"
"26333259","[H][C@]1(O[C@H](CO)[C@@H](O)[C@H](O)[C@H]1O)C1=CC=C(C)C(CC2=CC=C(S2)C2=CC=C(F)C=C2)=C1",99,83.5382027700619,"Fold5.Rep1"
"2654","C\N=C(\NCCSCC1=C(C)NC=N1)NC#N",20,36.6881601144106,"Fold5.Rep1"
"2660","CCN1N=C(C(O)=O)C(=O)C2=CC3=C(OCO3)C=C12",80,45.3747269213489,"Fold5.Rep1"
"2662","OC(=O)C1=CN(C2CC2)C2=CC(N3CCNCC3)=C(F)C=C2C1=O",40,33.0674183002892,"Fold5.Rep1"
"2741972","CNCC(C1=CC=C(C=C1)OC)C2(CCCCC2)O",30,66.2369626122576,"Fold5.Rep1"
"2908","CN1C2=C(C=C(Cl)C=C2)C(=NCC1=O)C1=CC=CC=C1",98.5,87.4063398233501,"Fold5.Rep1"
"2911","CC1=NS(=O)(=O)C2=C(N1)C=CC(Cl)=C2",91,57.7120855992297,"Fold5.Rep1"
"2951","OC(=O)C1=C(O)C=CC(=C1)C1=C(F)C=C(F)C=C1",99,85.4029807781753,"Fold5.Rep1"
"30723","[H][C@]12SCC(CSC3=NN=C(C)S3)=C(N1C(=O)[C@H]2NC(=O)CN1C=NN=N1)C(O)=O",80,59.9322614084484,"Fold5.Rep1"
"31006","[H][C@]12SC(C)(C)[C@@H](N1C(=O)[C@H]2NC(=O)[C@H](N)C1=CC=C(O)C=C1)C(O)=O",20,36.3555398162152,"Fold5.Rep1"
"3128","NC1=NCC2N1C1=CC=CC=C1CC1=CC=CC=C21",64,63.5926232096121,"Fold5.Rep1"
"3179","CCOC1=CC2=C(C=C1)N=C(S2)S(N)(=O)=O",89,59.9394010897493,"Fold5.Rep1"
"3216","CCOC(=O)C1=C(C)NC(C)=C(C1C1=C(Cl)C(Cl)=CC=C1)C(=O)OC",99,95.8396838881416,"Fold5.Rep1"
"3222","CC(C)OC(=O)C(C)(C)OC1=CC=C(C=C1)C(=O)C1=CC=C(Cl)C=C1",99,91.4032685264428,"Fold5.Rep1"
"3231","CC(C)(C(O)=O)C1=CC=C(C=C1)C(O)CCCN1CCC(CC1)C(O)(C1=CC=CC=C1)C1=CC=CC=C1",65,84.5044556449013,"Fold5.Rep1"
"3336","NC1=NC(=O)C2=C(N1)N(COC(CO)CO)C=N2",2,23.9097732204391,"Fold5.Rep1"
"3359","CC1=CN=C(C=N1)C(=O)NCCC1=CC=C(C=C1)S(=O)(=O)NC(=O)NC1CCCCC1",99,90.6948766968599,"Fold5.Rep1"
"3438","OC1(CCN(CCCC(=O)C2=CC=C(F)C=C2)CC1)C1=CC=C(Cl)C=C1",92,89.6002377521765,"Fold5.Rep1"
"3531","OCCOCCN1CCN(CC1)C(C1=CC=CC=C1)C1=CC=C(Cl)C=C1",93,83.1632906018718,"Fold5.Rep1"
"3574","CC1CC2=CC=CC=C2N1NC(=O)C1=CC(=C(Cl)C=C1)S(N)(=O)=O",79,87.2886278161451,"Fold5.Rep1"
"3652","COC(=O)C1=C(C)NC(C)=C(C1C1=CC=CC2=NON=C12)C(=O)OC(C)C",95,90.8800835727829,"Fold5.Rep1"
"3741","NC1=NC(N)=C(N=N1)C1=C(Cl)C(Cl)=CC=C1",55,69.721492484202,"Fold5.Rep1"
"3762","CC1=C(C=NO1)C(=O)NC1=CC=C(C=C1)C(F)(F)F",99.3,86.8536127731871,"Fold5.Rep1"
"3811","CCN1C=C(C(O)=O)C(=O)C2=CC(F)=C(N3CCNC(C)C3)C(F)=C12",10,52.6769906861648,"Fold5.Rep1"
"3848682","CC1=CC=C(C=C1)C(=O)C1=CC(=C(O)C(O)=C1)[N+]([O-])=O",99.9,88.1307651743561,"Fold5.Rep1"
"3871","CNCCCC12CCC(C3=CC=CC=C13)C1=CC=CC=C21",88,85.3861701059485,"Fold5.Rep1"
"3897","CC1=C(Cl)C(NC2=CC=CC=C2C(O)=O)=C(Cl)C=C1",99,87.6753009061013,"Fold5.Rep1"
"39117","C[C@@H]1O[C@H](C[C@H](N)[C@@H]1O)O[C@H]1C[C@@](O)(CC2=C1C(O)=C1C(=O)C3=CC=CC=C3C(=O)C1=C2O)C(C)=O",97,78.516475152859,"Fold5.Rep1"
"393588","COCC1=C(C2=CC=C(F)C=C2)C(\C=C\[C@@H](O)C[C@@H](O)CC(O)=O)=C(C(C)C)N=C1C(C)C",99,92.0834814660348,"Fold5.Rep1"
"3936","CN1CCCCC1CCN1C2=CC=CC=C2SC2=C1C=C(C=C2)S(C)=O",4,86.944167315175,"Fold5.Rep1"
"393865","COC1=C(C\C=C(/C)CCC(O)=O)C(O)=C2C(=O)OCC2=C1C",98,71.5864791244384,"Fold5.Rep1"
"397844","NC1=NC(=O)N(C=N1)[C@H]1C[C@H](O)[C@@H](CO)O1",1,15.0426389486854,"Fold5.Rep1"
"4040","CN1CCN2C(C1)C1=CC=CC=C1CC1=CC=CC=C21",90,82.2838332717501,"Fold5.Rep1"
"4052","CC1=C(C=C(C#N)C(=O)N1)C1=CC=NC=C1",80,48.3910859940967,"Fold5.Rep1"
"4056","NC1=CC(=NC(N)=[N+]1[O-])N1CCCCC1",1,25.0237346617568,"Fold5.Rep1"
"4268","CCN1C=C(C(O)=O)C(=O)C2=C1N=C(C)C=C2",93,63.1375707410647,"Fold5.Rep1"
"4287","CNS(=O)(=O)CCC1=CC2=C(NC=C2C2CCN(C)CC2)C=C1",30,38.2365115870177,"Fold5.Rep1"
"4440","CN(C)CCOC(C1=CC=CC=C1)C1=CC=CC=C1C",95,89.4201399026614,"Fold5.Rep1"
"4444466","[H][C@@]12CC(=O)N1[C@@H](C(O)=O)\C(O2)=C\CO",30,25.2571054200583,"Fold5.Rep1"
"4444486","[H][C@@]12[C@@H](C)C3=C(C(O)=CC=C3)C(=O)C1=C(O)[C@]1(O)C(=O)C(C(N)=O)=C(O)[C@@H](N(C)C)[C@]1([H])[C@H]2O",90,70.5044658312101,"Fold5.Rep1"
"4445392","CN1\C(=C(\O)NC2=CC=CC=N2)C(=O)C2=C(C=C(Cl)S2)S1(=O)=O",99,94.1937199578041,"Fold5.Rep1"
"4447604","CCN[C@H]1C[C@H](C)S(=O)(=O)C2=C1C=C(S2)S(N)(=O)=O",33,49.8716372293312,"Fold5.Rep1"
"4447623","[H][C@@]12OC3=C(OC)C=CC4=C3[C@@]11CCN(C)[C@]([H])(C4)[C@]1([H])CCC2=O",25,30.4643410640574,"Fold5.Rep1"
"4447644","[H][C@@]12OC3=C(O)C=CC4=C3[C@@]11CCN(CC=C)[C@]([H])(C4)[C@]1(O)CCC2=O",30,30.1187053893011,"Fold5.Rep1"
"4453","OC(=O)CCC1=NC(=C(O1)C1=CC=CC=C1)C1=CC=CC=C1",99.5,90.9921536376522,"Fold5.Rep1"
"4455","OC1N=C(C2=CC=CC=C2)C2=C(NC1=O)C=CC(Cl)=C2",99,87.9350436557113,"Fold5.Rep1"
"4470510","[H][C@]12C[C@]([H])(CNC1)C1=CC3=NC=CN=C3C=C21",20,36.1991917418024,"Fold5.Rep1"
"4470607","CC(C)[C@@H](C)\C=C\[C@@H](C)[C@@]1([H])CC[C@@]2([H])\C(CCC[C@]12C)=C\C=C1/C[C@@H](O)CC[C@@H]1C",99,83.0435928181033,"Fold5.Rep1"
"4510286","[H][C@@]12C[C@@]3([H])C(=C(O)[C@]1(O)C(=O)C(C(N)=O)=C(O)[C@H]2N(C)C)C(=O)C1=C(O)C=CC=C1[C@@]3(C)O",67,68.3465336175863,"Fold5.Rep1"
"4514524","[H][C@@]12OC3=C(O)C=CC4=C3[C@@]11CCN(CC3CC3)[C@]([H])(C4)[C@]1(O)CCC2=O",21,28.6374202085465,"Fold5.Rep1"
"4514667","[H][C@@]12CC3=C(C=C(O)C=C3)[C@]3(CCCC[C@@]13O)CCN2CC1CCC1",80,69.489829308235,"Fold5.Rep1"
"4575437","CC[C@@H]1OC(=O)[C@H](C)C(=O)[C@H](C)[C@@H](O[C@@H]2O[C@H](C)C[C@@H]([C@H]2O)N(C)C)[C@@](C)(C[C@@H](C)C(=O)[C@H](C)[C@H]2N(CCCCN3C=NC(=C3)C3=CC=CN=C3)C(=O)O[C@@]12C)OC",65,83.1699321727628,"Fold5.Rep1"
"4589864","C[C@H]1CN(C[C@H](CC2=CC=CC=C2)C(=O)NCC(O)=O)CC[C@@]1(C)C1=CC(O)=CC=C1",85,90.5149823278317,"Fold5.Rep1"
"46764","CCCCN1C[C@H](O)[C@@H](O)[C@H](O)[C@H]1CO",1,26.5596567265291,"Fold5.Rep1"
"4754","CC(C)\N=C(/N)N=C(N)NC1=CC=C(Cl)C=C1",75,76.9967111197584,"Fold5.Rep1"
"4774","CC(C)C1=CC=CC(C(C)C)=C1O",99,78.3824818263545,"Fold5.Rep1"
"4853","COCCCOC1=C(C)C(CS(=O)C2=NC3=CC=CC=C3N2)=NC=C1",96.3,82.6536052907243,"Fold5.Rep1"
"4883449","CO[C@H]1\C=C\O[C@@]2(C)OC3=C(C2=O)C2=C(C(O)=C3C)C(O)=C(NC(=O)\C(C)=C/C=C/[C@H](C)[C@H](O)[C@@H](C)[C@@H](O)[C@@H](C)[C@H](OC(C)=O)[C@@H]1C)C(\C=N\N1CCN(CC1)C1CCCC1)=C2O",97.7,82.0241480342158,"Fold5.Rep1"
"4891496","[H][C@]12SCC(COC)=C(N1C(=O)[C@H]2NC(=O)C(=N/OC)\C1=CSC(N)=N1)C(O)=O",27,53.023632746068,"Fold5.Rep1"
"4926","CC(=O)OCC(=O)NCCCOC1=CC=CC(CN2CCCCC2)=C1",6,68.9293036806106,"Fold5.Rep1"
"49292","NC1=NC(=O)C2=C(NCC(CNC3=CC=C(C=C3)C(=O)N[C@H](CCC(O)=O)C(O)=O)N2C=O)N1",15,61.2089565077507,"Fold5.Rep1"
"4941944","CCCCN(CCCC)CC(O)C1=C2C(=CC(Cl)=C1)\C(=C/C1=CC=C(Cl)C=C1)C1=C2C=CC(Cl)=C1",99.7,86.8097739162509,"Fold5.Rep1"
"4968","OCC1=C(O)C=CC(=C1)C(O)CNCCCCCCOCCCCC1=CC=CC=C1",96,78.2094320038964,"Fold5.Rep1"
"5023","CCCC1=NN(C)C2=C1NC(=NC2=O)C1=C(OCC)C=CC(=C1)S(=O)(=O)N1CCN(C)CC1",96,71.5331787958786,"Fold5.Rep1"
"5101","CN1CCN(CC2=CC=C(C=C2)C(=O)NC2=CC(NC3=NC=CC(=N3)C3=CN=CC=C3)=C(C)C=C2)CC1",95,92.0882020462354,"Fold5.Rep1"
"5120","ONC(=O)CCCCCCC(=O)NC1=CC=CC=C1",71,77.4864942597124,"Fold5.Rep1"
"5137","CC1=NN=C(NS(=O)(=O)C2=CC=C(N)C=C2)S1",99,62.1825905002049,"Fold5.Rep1"
"5165","CNS(=O)(=O)CC1=CC2=C(NC=C2CCN(C)C)C=C1",21,45.4132996399641,"Fold5.Rep1"
"5293353","[H][C@]12C[C@@H](O)[C@H](CC[C@@H](O)CCCCC)[C@@]1([H])CC1=C(C2)C(OCC(O)=O)=CC=C1",91,81.4830595649779,"Fold5.Rep1"
"5293518","NC(=O)C1=CC2=C(O1)C=CC(=C2)N1CCN(CCCCC2=CNC3=C2C=C(C=C3)C#N)CC1",98,91.1756521758697,"Fold5.Rep1"
"5293659","C[C@@H]1CC[C@@]23CCC(=O)[C@H]2[C@]1(C)[C@@H](C[C@@](C)(C=C)[C@@H](O)[C@@H]3C)OC(=O)CSC1C[C@@H]2CC[C@H](C1)N2C",94,80.8082190364192,"Fold5.Rep1"
"5345","NC1=NC(N)=C2N=C(C(N)=NC2=N1)C1=CC=CC=C1",67,70.8370579381531,"Fold5.Rep1"
"5391","CCN(CC1=CC=NC=C1)C(=O)C(CO)C1=CC=CC=C1",45,72.5488880266269,"Fold5.Rep1"
"5394","OC(C(=O)OC1CC2CCC(C1)[N+]21CCCC1)(C1=CC=CC=C1)C1=CC=CC=C1",85,80.1928008005848,"Fold5.Rep1"
"54755","CCCCCCCN(CC)CCCC(O)C1=CC=C(NS(C)(=O)=O)C=C1",40,71.300359478561,"Fold5.Rep1"
"54770","CC(C)[C@H](N)C(=O)OCCOCN1C=NC2=C1NC(N)=NC2=O",18,18.4059699360541,"Fold5.Rep1"
"54839","CCCCCN(C)CCC(O)(P(O)(O)=O)P(O)(O)=O",99.5,45.5775892274822,"Fold5.Rep1"
"5547","CC[N+](C)(CC)CCOC(=O)C(O)(C1CCCCC1)C1=CC=CC=C1",93,78.6158003207236,"Fold5.Rep1"
"5551","[H][C@@]12CC[C@](O)(C(=O)CO)[C@@]1(C)C[C@H](O)[C@@]1([H])[C@@]2([H])CCC2=CC(=O)CC[C@]12C",95,52.0953317849876,"Fold5.Rep1"
"5552","[H][C@@]12CC[C@](O)(C(=O)CO)[C@@]1(C)C[C@H](O)[C@@]1([H])[C@@]2([H])CCC2=CC(=O)C=C[C@]12C",90,56.3081907449271,"Fold5.Rep1"
"5566","[H][C@]12C[C@@H](OC(=O)C3=CC(OC)=C(OC)C(OC)=C3)[C@H](OC)[C@@H](C(=O)OC)[C@@]1([H])C[C@@]1([H])N(CCC3=C1NC1=C3C=CC(OC)=C1)C2",62,85.8008913629624,"Fold5.Rep1"
"5643","CC(C)(S)C(N)C(O)=O",80,45.6484295805295,"Fold5.Rep1"
"5664","[H][C@@]12C[C@@H](C)[C@](O)(C(=O)CO)[C@@]1(C)C[C@H](O)[C@@]1([H])[C@@]2([H])C[C@]([H])(F)C2=CC(=O)C=C[C@]12C",80,55.9472078717395,"Fold5.Rep1"
"5693","[H][C@]12SC(C)(C)[C@@H](N1C(=O)[C@H]2NC(=O)CC1=CC=CC=C1)C(O)=O",55,60.6341940021097,"Fold5.Rep1"
"5695","C[C@H](N)[C@H](O)C1=CC(O)=CC=C1",45,39.3144123312384,"Fold5.Rep1"
"571001","C[N+](C)(C)CCO.CN1C2=C([N-]C=N2)C(=O)N(C)C1=O",56,37.8046497287601,"Fold5.Rep1"
"5744","OC[C@@H](NC(=O)C(Cl)Cl)[C@H](O)C1=CC=C(C=C1)[N+]([O-])=O",60,43.9879982189005,"Fold5.Rep1"
"5824","N[C@@H](CC1=CC(O)=C(O)C=C1)C(O)=O",20,50.018718479759,"Fold5.Rep1"
"58312","[H][C@]1([C@@H](C)O)C(=O)N2C(C(O)=O)=C(S[C@@H]3CN[C@@H](C3)C(=O)N(C)C)[C@H](C)[C@]12[H]",2,46.208261009287,"Fold5.Rep1"
"61986","OC(CN1C=CN=C1)(P(O)(O)=O)P(O)(O)=O",22,40.5412549759524,"Fold5.Rep1"
"64479","C[C@@H](CN1CC(=O)NC(=O)C1)N1CC(=O)NC(=O)C1",2,23.4845577588751,"Fold5.Rep1"
"6571","[H][C@]12CC[C@]([H])(C[C@@]([H])(C1)OC(C1=CC=CC=C1)C1=CC=CC=C1)N2C",95,90.8653859161388,"Fold5.Rep1"
"70379","CN1CCC[C@@H]1CC1=CNC2=C1C=C(CCS(=O)(=O)C1=CC=CC=C1)C=C2",85,88.8594231880259,"Fold5.Rep1"
"83289","CCCCN1CCCC[C@H]1C(=O)NC1=C(C)C=CC=C1C",97,85.4744831755913,"Fold5.Rep1"
"84989","[H][C@]1(C[C@@H]2CC[N@]1C[C@@H]2C=C)[C@H](O)C1=CC=NC2=CC=C(OC)C=C12",70,72.6043283166093,"Fold5.Rep1"
"8600","CCOC(=O)C1(CCN(CCC2=CC=C(N)C=C2)CC1)C1=CC=CC=C1",95,87.1264831209337,"Fold5.Rep1"
"9413866","CCOC1=NC2=C(N1CC1=CC=C(C=C1)C1=CC=CC=C1C1=NOC(=O)N1)C(=CC=C2)C(=O)OCC1=C(C)OC(=O)O1",99,92.8845353527492,"Fold5.Rep1"
"94568","CN(CC1=CC2=C(NC(C)=NC2=O)C=C1)C1=CC=C(S1)C(=O)N[C@@H](CCC(O)=O)C(O)=O",93,78.4001332434962,"Fold5.Rep1"
"94641","CC1=C(N(N=C1C(=O)NN1CCCCC1)C1=C(Cl)C=C(Cl)C=C1)C1=CC=C(Cl)C=C1",100,93.1180430759568,"Fold5.Rep1"
"9625485","CN1C(=O)C=C(N2CCC[C@@H](N)C2)N(CC2=C(C=CC=C2)C#N)C1=O",20,48.23763124596,"Fold5.Rep1"
"97236","[H][C@@]12CC3=C(C(O)=C(OC)C(C)=C3)[C@@]([H])(N1C)[C@@]1([H])N([C@H]2O)[C@@]2([H])COC(=O)[C@]3(CS[C@]1([H])C1=C(OC(C)=O)C(C)=C4OCOC4=C21)NCCC1=CC(O)=C(OC)C=C31",96,79.1854981666309,"Fold5.Rep1"
